hitter_id,player,team,opponent,game_start_time,game_status,batting_order,pitcher,pitcher_id,pitcher_hand,hitter_hand,barrel_pct,iso,avg_exit_velocity,ev50,xslg,xiso,xwoba,bat_speed,fast_swing_pct,pull_pct,fb_pct,hard_hit_pct,hr_total,pitcher_barrel_pct_allowed,pitcher_hard_hit_pct_allowed,pitcher_avg_exit_velocity_allowed,pitcher_xslg_allowed,pitcher_xiso_allowed,pitcher_fb_pct_allowed,pitcher_hr_allowed,pitcher_hr_allowed_vs_lhh,pitcher_hr_allowed_vs_rhh,ballpark,park_hr_factor,weather_temp,wind_speed,wind_direction,confirmed_lineup,rotowire_confirmed_lineup,rotowire_batting_order,rotowire_player_found,lineup_disagreement,lineup_sources_used,source_warnings,stat_years_used,bvp_pa,bvp_hr,bvp_note,recent_games,recent_hits,recent_abs,recent_hr,recent_form_note,split_matchup_note,pitch_mix_note,public_attention,odds
680757,Steven Kwan,CLE,DET,2026-08-13T17:10:00Z,Pre-Game,1,Keider Montero,672456,R,L,0.78,0.0747,84.45,92.5176,0.3464,0.072,0.3212,62.8,0.38,27.6,23.51,12.09,4.7,7.71,38.49,88.89,0.4033,0.1643,25.77,13.9,13.9,13.9,Comerica Park,100,77,4,L To R,Yes,Yes,1,Yes,No,MLB Stats API; RotoWire,,H:2026/2025 P:2026/2025,,,Direct BvP not yet weighted; 2026/2025 Statcast baseline active,7,11,31,1,Contact streak: 11/31 over last 7 games,"platoon edge; pitcher baseline 7.7% barrel, 13.9 HR allowed",neutral batted-ball profile; pitcher fly-ball pressure modest,,
800050,Chase DeLauter,CLE,DET,2026-08-13T17:10:00Z,Pre-Game,2,Keider Montero,672456,R,L,6.7,0.162,91.2,101.5934,0.435,0.157,0.349,71.3,17.8,38.3,19.5,46.3,13.0,7.71,38.49,88.89,0.4033,0.1643,25.77,13.9,13.9,13.9,Comerica Park,100,77,4,L To R,Yes,Yes,2,Yes,No,MLB Stats API; RotoWire,,H:2026 P:2026/2025,,,Direct BvP not yet weighted; 2026/2025 Statcast baseline active,7,10,31,1,Contact streak: 10/31 over last 7 games,"platoon edge; pitcher baseline 7.7% barrel, 13.9 HR allowed",neutral batted-ball profile; pitcher fly-ball pressure modest,,
608070,José Ramírez,CLE,DET,2026-08-13T17:10:00Z,Pre-Game,3,Keider Montero,672456,R,S,5.81,0.1689,89.18,99.687,0.4327,0.1501,0.349,70.34,13.54,50.83,29.97,40.36,16.0,7.71,38.49,88.89,0.4033,0.1643,25.77,13.9,13.9,13.9,Comerica Park,100,77,4,L To R,Yes,Yes,3,Yes,No,MLB Stats API; RotoWire,,H:2026/2025 P:2026/2025,,,Direct BvP not yet weighted; 2026/2025 Statcast baseline active,7,4,17,0,"Last 7 games: 4/17, 0 HR","switch hitter; pitcher baseline 7.7% barrel, 13.9 HR allowed",neutral batted-ball profile; pitcher fly-ball pressure modest,,
663993,Nathaniel Lowe,CLE,DET,2026-08-13T17:10:00Z,Pre-Game,4,Keider Montero,672456,R,L,8.82,0.195,89.28,101.2432,0.4325,0.1744,0.3331,74.0,39.43,36.29,25.85,42.55,14.5,7.71,38.49,88.89,0.4033,0.1643,25.77,13.9,13.9,13.9,Comerica Park,100,77,4,L To R,Yes,Yes,4,Yes,No,MLB Stats API; RotoWire,,H:2026/2025 P:2026/2025,,,Direct BvP not yet weighted; 2026/2025 Statcast baseline active,7,8,23,1,Contact streak: 8/23 over last 7 games,"platoon edge; pitcher baseline 7.7% barrel, 13.9 HR allowed",neutral batted-ball profile; pitcher fly-ball pressure modest,,
666176,Jo Adell,CLE,DET,2026-08-13T17:10:00Z,Pre-Game,5,Keider Montero,672456,R,R,11.7,0.1888,90.58,102.6774,0.4776,0.2204,0.3398,77.39,71.55,37.3,28.19,45.94,23.7,7.71,38.49,88.89,0.4033,0.1643,25.77,13.9,13.9,13.9,Comerica Park,100,77,4,L To R,Yes,Yes,5,Yes,No,MLB Stats API; RotoWire,,H:2026/2025 P:2026/2025,,,Direct BvP not yet weighted; 2026/2025 Statcast baseline active,7,3,25,2,Hot streak: 2 HR in last 7 games,"same-side matchup; pitcher baseline 7.7% barrel, 13.9 HR allowed",neutral batted-ball profile; pitcher fly-ball pressure modest,,
683953,Travis Bazzana,CLE,DET,2026-08-13T17:10:00Z,Pre-Game,6,Keider Montero,672456,R,L,4.5,0.143,88.4,98.6107,0.351,0.125,0.304,69.7,12.0,39.9,28.8,37.3,9.0,7.71,38.49,88.89,0.4033,0.1643,25.77,13.9,13.9,13.9,Comerica Park,100,77,4,L To R,Yes,Yes,6,Yes,No,MLB Stats API; RotoWire,,H:2026 P:2026/2025,,,Direct BvP not yet weighted; 2026/2025 Statcast baseline active,7,5,23,0,"Last 7 games: 5/23, 0 HR","platoon edge; pitcher baseline 7.7% barrel, 13.9 HR allowed",neutral batted-ball profile; pitcher fly-ball pressure modest,,
694197,Angel Genao,CLE,DET,2026-08-13T17:10:00Z,Pre-Game,7,Keider Montero,672456,R,S,9.1,0.167,93.1,100.9706,0.426,0.162,0.342,71.1,23.5,22.7,27.3,59.1,1.0,7.71,38.49,88.89,0.4033,0.1643,25.77,13.9,13.9,13.9,Comerica Park,100,77,4,L To R,Yes,Yes,7,Yes,No,MLB Stats API; RotoWire,,H:2026 P:2026/2025,,,Direct BvP not yet weighted; 2026/2025 Statcast baseline active,7,8,24,1,Contact streak: 8/24 over last 7 games,"switch hitter; pitcher baseline 7.7% barrel, 13.9 HR allowed",EV profile; pitcher fly-ball pressure modest,,
595978,Austin Hedges,CLE,DET,2026-08-13T17:10:00Z,Pre-Game,8,Keider Montero,672456,R,R,4.17,0.1188,87.22,97.9459,0.3176,0.0965,0.2798,70.03,10.02,49.98,23.52,32.62,4.3,7.71,38.49,88.89,0.4033,0.1643,25.77,13.9,13.9,13.9,Comerica Park,100,77,4,L To R,Yes,Yes,8,Yes,No,MLB Stats API; RotoWire,,H:2026/2025 P:2026/2025,,,Direct BvP not yet weighted; 2026/2025 Statcast baseline active,7,4,19,0,"Last 7 games: 4/19, 0 HR","same-side matchup; pitcher baseline 7.7% barrel, 13.9 HR allowed",neutral batted-ball profile; pitcher fly-ball pressure modest,,
677587,Brayan Rocchio,CLE,DET,2026-08-13T17:10:00Z,Pre-Game,9,Keider Montero,672456,R,S,3.37,0.1133,86.95,97.2017,0.351,0.1067,0.2943,70.0,7.15,43.78,24.81,32.0,7.8,7.71,38.49,88.89,0.4033,0.1643,25.77,13.9,13.9,13.9,Comerica Park,100,77,4,L To R,Yes,Yes,9,Yes,No,MLB Stats API; RotoWire,,H:2026/2025 P:2026/2025,,,Direct BvP not yet weighted; 2026/2025 Statcast baseline active,7,4,28,0,"Last 7 games: 4/28, 0 HR","switch hitter; pitcher baseline 7.7% barrel, 13.9 HR allowed",neutral batted-ball profile; pitcher fly-ball pressure modest,,
650402,Gleyber Torres,DET,CLE,2026-08-13T17:10:00Z,Pre-Game,1,Parker Messick,800048,L,R,7.85,0.1345,87.2,97.7306,0.3997,0.1503,0.3378,68.63,5.82,25.85,27.66,34.38,10.4,5.38,32.04,87.54,0.3463,0.1191,21.12,10.3,10.3,10.3,Comerica Park,100,77,4,L To R,Yes,Yes,1,Yes,No,MLB Stats API; RotoWire,,H:2026/2025 P:2026/2025,,,Direct BvP not yet weighted; 2026/2025 Statcast baseline active,7,6,29,1,"Last 7 games: 6/29, 1 HR","platoon edge; pitcher baseline 5.4% barrel, 10.3 HR allowed",neutral batted-ball profile; pitcher fly-ball pressure modest,,
693307,Dillon Dingler,DET,CLE,2026-08-13T17:10:00Z,Pre-Game,2,Parker Messick,800048,L,R,10.53,0.217,89.23,100.8284,0.496,0.2123,0.3629,71.77,15.69,40.59,28.22,44.37,22.1,5.38,32.04,87.54,0.3463,0.1191,21.12,10.3,10.3,10.3,Comerica Park,100,77,4,L To R,Yes,Yes,2,Yes,No,MLB Stats API; RotoWire,,H:2026/2025 P:2026/2025,,,Direct BvP not yet weighted; 2026/2025 Statcast baseline active,7,6,30,2,Hot streak: 2 HR in last 7 games,"platoon edge; pitcher baseline 5.4% barrel, 10.3 HR allowed",neutral batted-ball profile; pitcher fly-ball pressure modest,,
805808,Kevin McGonigle,DET,CLE,2026-08-13T17:10:00Z,Pre-Game,3,Parker Messick,800048,L,L,6.7,0.142,87.9,98.1678,0.422,0.161,0.351,71.2,16.6,37.3,36.0,36.4,12.0,5.38,32.04,87.54,0.3463,0.1191,21.12,10.3,10.3,10.3,Comerica Park,100,77,4,L To R,Yes,Yes,3,Yes,No,MLB Stats API; RotoWire,,H:2026 P:2026/2025,,,Direct BvP not yet weighted; 2026/2025 Statcast baseline active,7,9,29,1,"Last 7 games: 9/29, 1 HR","same-side matchup; pitcher baseline 5.4% barrel, 10.3 HR allowed",fly-ball profile; pitcher fly-ball pressure modest,,
680664,Eduardo Valencia,DET,CLE,2026-08-13T17:10:00Z,Pre-Game,4,Parker Messick,800048,L,R,30.0,0.415,91.2,103.2988,0.634,0.35,0.4,72.9,24.4,33.3,30.0,60.0,4.0,5.38,32.04,87.54,0.3463,0.1191,21.12,10.3,10.3,10.3,Comerica Park,100,77,4,L To R,Yes,Yes,4,Yes,No,MLB Stats API; RotoWire,,H:2026 P:2026/2025,,,Direct BvP not yet weighted; 2026/2025 Statcast baseline active,7,7,18,0,Contact streak: 7/18 over last 7 games,"platoon edge; pitcher baseline 5.4% barrel, 10.3 HR allowed",neutral batted-ball profile; pitcher fly-ball pressure modest,,
679529,Spencer Torkelson,DET,CLE,2026-08-13T17:10:00Z,Pre-Game,5,Parker Messick,800048,L,R,13.15,0.2027,89.71,100.3039,0.4273,0.2034,0.3242,73.14,26.16,47.84,36.04,42.72,23.3,5.38,32.04,87.54,0.3463,0.1191,21.12,10.3,10.3,10.3,Comerica Park,100,77,4,L To R,Yes,Yes,5,Yes,No,MLB Stats API; RotoWire,,H:2026/2025 P:2026/2025,,,Direct BvP not yet weighted; 2026/2025 Statcast baseline active,7,9,25,0,Contact streak: 9/25 over last 7 games,"platoon edge; pitcher baseline 5.4% barrel, 10.3 HR allowed",fly-ball profile; pitcher fly-ball pressure modest,,
701678,Hao-Yu Lee,DET,CLE,2026-08-13T17:10:00Z,Pre-Game,6,Parker Messick,800048,L,R,8.7,0.156,89.0,99.8616,0.394,0.155,0.293,71.1,19.5,30.0,26.7,40.0,6.0,5.38,32.04,87.54,0.3463,0.1191,21.12,10.3,10.3,10.3,Comerica Park,100,77,4,L To R,Yes,Yes,6,Yes,No,MLB Stats API; RotoWire,,H:2026 P:2026/2025,,,Direct BvP not yet weighted; 2026/2025 Statcast baseline active,7,2,7,0,"Last 7 games: 2/7, 0 HR","platoon edge; pitcher baseline 5.4% barrel, 10.3 HR allowed",neutral batted-ball profile; pitcher fly-ball pressure modest,,
703601,Max Clark,DET,CLE,2026-08-13T17:10:00Z,Pre-Game,7,Parker Messick,800048,L,L,3.2,0.155,85.7,96.6803,0.353,0.1,0.305,73.0,28.0,19.4,35.5,32.3,1.0,5.38,32.04,87.54,0.3463,0.1191,21.12,10.3,10.3,10.3,Comerica Park,100,77,4,L To R,Yes,Yes,7,Yes,No,MLB Stats API; RotoWire,,H:2026 P:2026/2025,,,Direct BvP not yet weighted; 2026/2025 Statcast baseline active,7,7,29,0,"Last 7 games: 7/29, 0 HR","same-side matchup; pitcher baseline 5.4% barrel, 10.3 HR allowed",fly-ball profile; pitcher fly-ball pressure modest,,
595879,Javier Báez,DET,CLE,2026-08-13T17:10:00Z,Pre-Game,8,Parker Messick,800048,L,R,3.12,0.1126,86.17,97.2926,0.3394,0.0898,0.2745,72.94,28.91,41.41,23.17,33.39,5.0,5.38,32.04,87.54,0.3463,0.1191,21.12,10.3,10.3,10.3,Comerica Park,100,77,4,L To R,Yes,Yes,8,Yes,No,MLB Stats API; RotoWire,,H:2026/2025 P:2026/2025,,,Direct BvP not yet weighted; 2026/2025 Statcast baseline active,7,6,28,0,"Last 7 games: 6/28, 0 HR","platoon edge; pitcher baseline 5.4% barrel, 10.3 HR allowed",neutral batted-ball profile; pitcher fly-ball pressure modest,,
701162,Ben Malgeri,DET,CLE,2026-08-13T17:10:00Z,Pre-Game,9,Parker Messick,800048,L,R,2.9,0.107,89.2,99.2365,0.304,0.082,0.303,69.2,5.4,37.1,25.7,40.0,1.0,5.38,32.04,87.54,0.3463,0.1191,21.12,10.3,10.3,10.3,Comerica Park,100,77,4,L To R,Yes,Yes,9,Yes,No,MLB Stats API; RotoWire,,H:2026 P:2026/2025,,,Direct BvP not yet weighted; 2026/2025 Statcast baseline active,7,2,12,1,"Last 7 games: 2/12, 1 HR","platoon edge; pitcher baseline 5.4% barrel, 10.3 HR allowed",neutral batted-ball profile; pitcher fly-ball pressure modest,,
682829,Elly De La Cruz,CIN,CWS,2026-08-13T17:10:00Z,Pre-Game,1,Davis Martin,663436,R,S,12.82,0.2089,92.96,104.0239,0.4618,0.1968,0.35,75.24,53.07,34.82,25.1,49.17,20.6,7.56,44.32,90.21,0.4321,0.1601,23.13,13.0,13.0,13.0,Rate Field,100,77,6,In From LF,Yes,Yes,1,Yes,No,MLB Stats API; RotoWire,,H:2026/2025 P:2026/2025,,,Direct BvP not yet weighted; 2026/2025 Statcast baseline active,7,4,26,2,Hot streak: 2 HR in last 7 games,"switch hitter; pitcher baseline 7.6% barrel, 13.0 HR allowed",EV profile; pitcher fly-ball pressure modest,,
701398,Sal Stewart,CIN,CWS,2026-08-13T17:10:00Z,Pre-Game,2,Davis Martin,663436,R,R,14.96,0.2382,91.83,101.4973,0.5145,0.254,0.3611,72.24,27.21,38.64,32.23,43.26,19.0,7.56,44.32,90.21,0.4321,0.1601,23.13,13.0,13.0,13.0,Rate Field,100,77,6,In From LF,Yes,Yes,2,Yes,No,MLB Stats API; RotoWire,,H:2026/2025 P:2026/2025,,,Direct BvP not yet weighted; 2026/2025 Statcast baseline active,7,8,29,1,"Last 7 games: 8/29, 1 HR","same-side matchup; pitcher baseline 7.6% barrel, 13.0 HR allowed",neutral batted-ball profile; pitcher fly-ball pressure modest,,
668709,JJ Bleday,CIN,CWS,2026-08-13T17:10:00Z,Pre-Game,3,Davis Martin,663436,R,L,9.69,0.2186,88.7,99.9606,0.4171,0.1858,0.332,73.21,29.61,45.74,33.34,40.17,18.2,7.56,44.32,90.21,0.4321,0.1601,23.13,13.0,13.0,13.0,Rate Field,100,77,6,In From LF,Yes,Yes,3,Yes,No,MLB Stats API; RotoWire,,H:2026/2025 P:2026/2025,,,Direct BvP not yet weighted; 2026/2025 Statcast baseline active,7,3,24,1,"Last 7 games: 3/24, 1 HR","platoon edge; pitcher baseline 7.6% barrel, 13.0 HR allowed",neutral batted-ball profile; pitcher fly-ball pressure modest,,
663886,Tyler Stephenson,CIN,CWS,2026-08-13T17:10:00Z,Pre-Game,4,Davis Martin,663436,R,R,13.1,0.1697,90.99,100.6041,0.4522,0.2096,0.3382,70.59,7.35,37.15,33.15,47.17,10.9,7.56,44.32,90.21,0.4321,0.1601,23.13,13.0,13.0,13.0,Rate Field,100,77,6,In From LF,Yes,Yes,4,Yes,No,MLB Stats API; RotoWire,,H:2026/2025 P:2026/2025,,,Direct BvP not yet weighted; 2026/2025 Statcast baseline active,7,5,25,2,Hot streak: 2 HR in last 7 games,"same-side matchup; pitcher baseline 7.6% barrel, 13.0 HR allowed",neutral batted-ball profile; pitcher fly-ball pressure modest,,
553993,Eugenio Suárez,CIN,CWS,2026-08-13T17:10:00Z,Pre-Game,5,Davis Martin,663436,R,R,13.11,0.2343,89.08,100.229,0.3825,0.1862,0.2878,71.88,20.76,48.66,33.97,38.99,26.6,7.56,44.32,90.21,0.4321,0.1601,23.13,13.0,13.0,13.0,Rate Field,100,77,6,In From LF,Yes,Yes,5,Yes,No,MLB Stats API; RotoWire,,H:2026/2025 P:2026/2025,,,Direct BvP not yet weighted; 2026/2025 Statcast baseline active,7,5,22,3,Hot streak: 3 HR in last 7 games,"same-side matchup; pitcher baseline 7.6% barrel, 13.0 HR allowed",neutral batted-ball profile; pitcher fly-ball pressure modest,,
667472,Dane Myers,CIN,CWS,2026-08-13T17:10:00Z,Pre-Game,6,Davis Martin,663436,R,R,5.84,0.0931,89.93,99.356,0.3685,0.1344,0.311,71.25,19.59,25.97,25.87,37.59,3.9,7.56,44.32,90.21,0.4321,0.1601,23.13,13.0,13.0,13.0,Rate Field,100,77,6,In From LF,Yes,Yes,6,Yes,No,MLB Stats API; RotoWire,,H:2026/2025 P:2026/2025,,,Direct BvP not yet weighted; 2026/2025 Statcast baseline active,7,2,21,0,"Last 7 games: 2/21, 0 HR","same-side matchup; pitcher baseline 7.6% barrel, 13.0 HR allowed",neutral batted-ball profile; pitcher fly-ball pressure modest,,
699302,Héctor Rodríguez,CIN,CWS,2026-08-13T17:10:00Z,Pre-Game,7,Davis Martin,663436,R,L,0.0,0.056,87.0,97.828,0.197,0.023,0.24,76.4,58.1,41.7,16.7,33.3,0.0,7.56,44.32,90.21,0.4321,0.1601,23.13,13.0,13.0,13.0,Rate Field,100,77,6,In From LF,Yes,Yes,7,Yes,No,MLB Stats API; RotoWire,,H:2026 P:2026/2025,,,Direct BvP not yet weighted; 2026/2025 Statcast baseline active,7,2,18,0,"Last 7 games: 2/18, 0 HR","platoon edge; pitcher baseline 7.6% barrel, 13.0 HR allowed",neutral batted-ball profile; pitcher fly-ball pressure modest,,
680574,Matt McLain,CIN,CWS,2026-08-13T17:10:00Z,Pre-Game,8,Davis Martin,663436,R,R,9.34,0.1405,88.1,98.8679,0.3841,0.1602,0.311,70.93,9.82,33.4,33.43,37.62,11.5,7.56,44.32,90.21,0.4321,0.1601,23.13,13.0,13.0,13.0,Rate Field,100,77,6,In From LF,Yes,Yes,8,Yes,No,MLB Stats API; RotoWire,,H:2026/2025 P:2026/2025,,,Direct BvP not yet weighted; 2026/2025 Statcast baseline active,7,5,20,2,Hot streak: 2 HR in last 7 games,"same-side matchup; pitcher baseline 7.6% barrel, 13.0 HR allowed",neutral batted-ball profile; pitcher fly-ball pressure modest,,
663647,Ke'Bryan Hayes,CIN,CWS,2026-08-13T17:10:00Z,Pre-Game,9,Davis Martin,663436,R,R,6.84,0.0885,90.0,99.7529,0.3756,0.1334,0.2932,70.82,8.2,29.41,26.73,39.77,4.3,7.56,44.32,90.21,0.4321,0.1601,23.13,13.0,13.0,13.0,Rate Field,100,77,6,In From LF,Yes,Yes,9,Yes,No,MLB Stats API; RotoWire,,H:2026/2025 P:2026/2025,,,Direct BvP not yet weighted; 2026/2025 Statcast baseline active,7,1,15,0,"Last 7 games: 1/15, 0 HR","same-side matchup; pitcher baseline 7.6% barrel, 13.0 HR allowed",neutral batted-ball profile; pitcher fly-ball pressure modest,,
805367,Chase Meidroth,CWS,CIN,2026-08-13T17:10:00Z,Pre-Game,1,Andrew Abbott,671096,L,R,3.77,0.1153,87.92,97.4428,0.3351,0.0947,0.2965,67.19,1.25,38.12,19.77,35.05,9.9,7.72,36.92,89.06,0.4081,0.1583,27.86,17.6,17.6,17.6,Rate Field,100,77,6,In From LF,Yes,Yes,1,Yes,No,MLB Stats API; RotoWire,,H:2026/2025 P:2026/2025,,,Direct BvP not yet weighted; 2026/2025 Statcast baseline active,7,10,27,3,Hot streak: 3 HR in last 7 games,"platoon edge; pitcher baseline 7.7% barrel, 17.6 HR allowed",neutral batted-ball profile; pitcher fly-ball pressure modest,,
545341,Randal Grichuk,CWS,CIN,2026-08-13T17:10:00Z,Pre-Game,2,Andrew Abbott,671096,L,R,10.79,0.2255,91.21,102.8216,0.4654,0.1942,0.3302,74.11,42.54,45.17,28.01,47.75,9.0,7.72,36.92,89.06,0.4081,0.1583,27.86,17.6,17.6,17.6,Rate Field,100,77,6,In From LF,Yes,Yes,2,Yes,No,MLB Stats API; RotoWire,,H:2026/2025 P:2026/2025,,,Direct BvP not yet weighted; 2026/2025 Statcast baseline active,7,4,15,0,"Last 7 games: 4/15, 0 HR","platoon edge; pitcher baseline 7.7% barrel, 17.6 HR allowed",neutral batted-ball profile; pitcher fly-ball pressure modest,,
678246,Miguel Vargas,CWS,CIN,2026-08-13T17:10:00Z,Pre-Game,3,Andrew Abbott,671096,L,R,12.76,0.216,90.33,100.4804,0.4812,0.2277,0.3624,73.05,34.35,43.23,36.36,44.35,22.3,7.72,36.92,89.06,0.4081,0.1583,27.86,17.6,17.6,17.6,Rate Field,100,77,6,In From LF,Yes,Yes,3,Yes,No,MLB Stats API; RotoWire,,H:2026/2025 P:2026/2025,,,Direct BvP not yet weighted; 2026/2025 Statcast baseline active,7,5,25,1,"Last 7 games: 5/25, 1 HR","platoon edge; pitcher baseline 7.7% barrel, 17.6 HR allowed",fly-ball profile; pitcher fly-ball pressure modest,,
695731,Braden Montgomery,CWS,CIN,2026-08-13T17:10:00Z,Pre-Game,4,Andrew Abbott,671096,L,S,3.5,0.139,89.0,99.8807,0.352,0.117,0.303,69.6,8.8,34.0,19.9,39.7,4.0,7.72,36.92,89.06,0.4081,0.1583,27.86,17.6,17.6,17.6,Rate Field,100,77,6,In From LF,Yes,Yes,4,Yes,No,MLB Stats API; RotoWire,,H:2026 P:2026/2025,,,Direct BvP not yet weighted; 2026/2025 Statcast baseline active,7,5,25,1,"Last 7 games: 5/25, 1 HR","switch hitter; pitcher baseline 7.7% barrel, 17.6 HR allowed",neutral batted-ball profile; pitcher fly-ball pressure modest,,
686668,Brenton Doyle,CWS,CIN,2026-08-13T17:10:00Z,Pre-Game,5,Andrew Abbott,671096,L,R,7.19,0.1038,88.99,99.6246,0.3225,0.1123,0.2624,71.68,13.06,38.32,24.36,38.23,5.9,7.72,36.92,89.06,0.4081,0.1583,27.86,17.6,17.6,17.6,Rate Field,100,77,6,In From LF,Yes,Yes,5,Yes,No,MLB Stats API; RotoWire,,H:2026/2025 P:2026/2025,,,Direct BvP not yet weighted; 2026/2025 Statcast baseline active,7,5,19,1,"Last 7 games: 5/19, 1 HR","platoon edge; pitcher baseline 7.7% barrel, 17.6 HR allowed",neutral batted-ball profile; pitcher fly-ball pressure modest,,
695657,Colson Montgomery,CWS,CIN,2026-08-13T17:10:00Z,Pre-Game,6,Andrew Abbott,671096,L,L,13.24,0.2452,89.05,101.7881,0.4401,0.2241,0.3172,76.65,69.74,49.44,33.79,42.33,24.5,7.72,36.92,89.06,0.4081,0.1583,27.86,17.6,17.6,17.6,Rate Field,100,77,6,In From LF,Yes,Yes,6,Yes,No,MLB Stats API; RotoWire,,H:2026/2025 P:2026/2025,,,Direct BvP not yet weighted; 2026/2025 Statcast baseline active,7,5,26,1,"Last 7 games: 5/26, 1 HR","same-side matchup; pitcher baseline 7.7% barrel, 17.6 HR allowed",neutral batted-ball profile; pitcher fly-ball pressure modest,,
700337,Edgar Quero,CWS,CIN,2026-08-13T17:10:00Z,Pre-Game,7,Andrew Abbott,671096,L,S,3.07,0.0656,90.54,99.2873,0.3236,0.0988,0.2809,68.48,2.87,31.34,25.29,40.35,3.6,7.72,36.92,89.06,0.4081,0.1583,27.86,17.6,17.6,17.6,Rate Field,100,77,6,In From LF,Yes,Yes,7,Yes,No,MLB Stats API; RotoWire,,H:2026/2025 P:2026/2025,,,Direct BvP not yet weighted; 2026/2025 Statcast baseline active,7,7,22,1,"Last 7 games: 7/22, 1 HR","switch hitter; pitcher baseline 7.7% barrel, 17.6 HR allowed",neutral batted-ball profile; pitcher fly-ball pressure modest,,
803011,Sam Antonacci,CWS,CIN,2026-08-13T17:10:00Z,Pre-Game,8,Andrew Abbott,671096,L,L,6.0,0.131,87.6,97.9772,0.412,0.13,0.35,70.1,8.6,33.9,21.7,35.4,8.0,7.72,36.92,89.06,0.4081,0.1583,27.86,17.6,17.6,17.6,Rate Field,100,77,6,In From LF,Yes,Yes,8,Yes,No,MLB Stats API; RotoWire,,H:2026 P:2026/2025,,,Direct BvP not yet weighted; 2026/2025 Statcast baseline active,7,8,23,0,Contact streak: 8/23 over last 7 games,"same-side matchup; pitcher baseline 7.7% barrel, 17.6 HR allowed",neutral batted-ball profile; pitcher fly-ball pressure modest,,
682668,Luisangel Acuña,CWS,CIN,2026-08-13T17:10:00Z,Pre-Game,9,Andrew Abbott,671096,L,R,2.8,0.0351,88.32,99.4774,0.3116,0.0686,0.2661,71.61,24.42,32.43,16.16,36.69,0.7,7.72,36.92,89.06,0.4081,0.1583,27.86,17.6,17.6,17.6,Rate Field,100,77,6,In From LF,Yes,Yes,9,Yes,No,MLB Stats API; RotoWire,,H:2026/2025 P:2026/2025,,,Direct BvP not yet weighted; 2026/2025 Statcast baseline active,7,3,15,0,"Last 7 games: 3/15, 0 HR","platoon edge; pitcher baseline 7.7% barrel, 17.6 HR allowed",neutral batted-ball profile; pitcher fly-ball pressure modest,,
687462,Spencer Horwitz,PIT,MIA,2026-08-13T17:10:00Z,Pre-Game,1,Tyler Phillips,663969,R,L,7.88,0.1599,86.98,97.6146,0.3818,0.1479,0.326,68.75,5.39,40.71,28.05,33.55,10.3,7.13,44.38,90.18,0.4099,0.1513,25.24,10.8,10.8,10.8,loanDepot park,89,72,0,None,Yes,Yes,1,Yes,No,MLB Stats API; RotoWire,,H:2026/2025 P:2026/2025,,,Direct BvP not yet weighted; 2026/2025 Statcast baseline active,7,2,22,0,"Last 7 games: 2/22, 0 HR","platoon edge; pitcher baseline 7.1% barrel, 10.8 HR allowed",neutral batted-ball profile; pitcher fly-ball pressure modest,,
664040,Brandon Lowe,PIT,MIA,2026-08-13T17:10:00Z,Pre-Game,2,Tyler Phillips,663969,R,L,12.51,0.2266,91.03,101.4653,0.4521,0.2058,0.3308,73.66,40.16,46.86,32.85,45.62,26.8,7.13,44.38,90.18,0.4099,0.1513,25.24,10.8,10.8,10.8,loanDepot park,89,72,0,None,Yes,Yes,2,Yes,No,MLB Stats API; RotoWire,,H:2026/2025 P:2026/2025,,,Direct BvP not yet weighted; 2026/2025 Statcast baseline active,7,4,25,2,Hot streak: 2 HR in last 7 games,"platoon edge; pitcher baseline 7.1% barrel, 10.8 HR allowed",neutral batted-ball profile; pitcher fly-ball pressure modest,,
668804,Bryan Reynolds,PIT,MIA,2026-08-13T17:10:00Z,Pre-Game,3,Tyler Phillips,663969,R,S,10.66,0.1675,90.78,101.8417,0.4337,0.1848,0.3457,72.55,28.23,39.94,25.67,46.21,15.3,7.13,44.38,90.18,0.4099,0.1513,25.24,10.8,10.8,10.8,loanDepot park,89,72,0,None,Yes,Yes,3,Yes,No,MLB Stats API; RotoWire,,H:2026/2025 P:2026/2025,,,Direct BvP not yet weighted; 2026/2025 Statcast baseline active,7,5,25,0,"Last 7 games: 5/25, 0 HR","switch hitter; pitcher baseline 7.1% barrel, 10.8 HR allowed",neutral batted-ball profile; pitcher fly-ball pressure modest,,
693304,Nick Gonzales,PIT,MIA,2026-08-13T17:10:00Z,Pre-Game,4,Tyler Phillips,663969,R,R,3.31,0.0957,87.05,98.3085,0.3806,0.107,0.312,70.71,12.73,37.78,20.91,36.21,5.7,7.13,44.38,90.18,0.4099,0.1513,25.24,10.8,10.8,10.8,loanDepot park,89,72,0,None,Yes,Yes,4,Yes,No,MLB Stats API; RotoWire,,H:2026/2025 P:2026/2025,,,Direct BvP not yet weighted; 2026/2025 Statcast baseline active,7,8,25,0,Contact streak: 8/25 over last 7 games,"same-side matchup; pitcher baseline 7.1% barrel, 10.8 HR allowed",neutral batted-ball profile; pitcher fly-ball pressure modest,,
699013,Esmerlyn Valdez,PIT,MIA,2026-08-13T17:10:00Z,Pre-Game,5,Tyler Phillips,663969,R,R,22.7,0.317,91.6,102.7111,0.47,0.263,0.352,74.7,49.2,35.1,44.3,48.5,14.0,7.13,44.38,90.18,0.4099,0.1513,25.24,10.8,10.8,10.8,loanDepot park,89,72,0,None,Yes,Yes,5,Yes,No,MLB Stats API; RotoWire,,H:2026 P:2026/2025,,,Direct BvP not yet weighted; 2026/2025 Statcast baseline active,7,3,21,0,"Last 7 games: 3/21, 0 HR","same-side matchup; pitcher baseline 7.1% barrel, 10.8 HR allowed",fly-ball profile; pitcher fly-ball pressure modest,,
694378,Jacob Gonzalez,PIT,MIA,2026-08-13T17:10:00Z,Pre-Game,6,Tyler Phillips,663969,R,L,3.4,0.144,88.5,98.8275,0.385,0.131,0.303,71.0,12.6,43.6,28.2,37.9,5.0,7.13,44.38,90.18,0.4099,0.1513,25.24,10.8,10.8,10.8,loanDepot park,89,72,0,None,Yes,Yes,6,Yes,No,MLB Stats API; RotoWire,,H:2026 P:2026/2025,,,Direct BvP not yet weighted; 2026/2025 Statcast baseline active,7,3,15,0,"Last 7 games: 3/15, 0 HR","platoon edge; pitcher baseline 7.1% barrel, 10.8 HR allowed",neutral batted-ball profile; pitcher fly-ball pressure modest,,
663968,Jake Mangum,PIT,MIA,2026-08-13T17:10:00Z,Pre-Game,7,Tyler Phillips,663969,R,S,2.14,0.0825,86.25,96.7672,0.3346,0.0822,0.2844,67.58,3.73,27.65,15.49,29.55,3.7,7.13,44.38,90.18,0.4099,0.1513,25.24,10.8,10.8,10.8,loanDepot park,89,72,0,None,Yes,Yes,7,Yes,No,MLB Stats API; RotoWire,,H:2026/2025 P:2026/2025,,,Direct BvP not yet weighted; 2026/2025 Statcast baseline active,7,6,27,1,"Last 7 games: 6/27, 1 HR","switch hitter; pitcher baseline 7.1% barrel, 10.8 HR allowed",neutral batted-ball profile; pitcher fly-ball pressure modest,,
669707,Jared Triolo,PIT,MIA,2026-08-13T17:10:00Z,Pre-Game,8,Tyler Phillips,663969,R,R,3.4,0.0828,87.95,98.5698,0.3347,0.0929,0.2946,70.9,7.72,37.29,21.03,36.73,2.8,7.13,44.38,90.18,0.4099,0.1513,25.24,10.8,10.8,10.8,loanDepot park,89,72,0,None,Yes,Yes,8,Yes,No,MLB Stats API; RotoWire,,H:2026/2025 P:2026/2025,,,Direct BvP not yet weighted; 2026/2025 Statcast baseline active,7,2,11,0,"Last 7 games: 2/11, 0 HR","same-side matchup; pitcher baseline 7.1% barrel, 10.8 HR allowed",neutral batted-ball profile; pitcher fly-ball pressure modest,,
804668,Rafael Flores Jr.,PIT,MIA,2026-08-13T17:10:00Z,Pre-Game,9,Tyler Phillips,663969,R,R,11.52,0.1519,91.16,100.4927,0.4734,0.2248,0.3722,73.61,40.86,34.73,50.17,45.98,0.7,7.13,44.38,90.18,0.4099,0.1513,25.24,10.8,10.8,10.8,loanDepot park,89,72,0,None,Yes,Yes,9,Yes,No,MLB Stats API; RotoWire,,H:2026/2025 P:2026/2025,,,Direct BvP not yet weighted; 2026/2025 Statcast baseline active,7,1,13,0,"Last 7 games: 1/13, 0 HR","same-side matchup; pitcher baseline 7.1% barrel, 10.8 HR allowed",fly-ball profile; pitcher fly-ball pressure modest,,
805300,Jakob Marsee,MIA,PIT,2026-08-13T17:10:00Z,Pre-Game,1,Braxton Ashcraft,677952,R,L,4.81,0.1286,87.57,98.4402,0.3524,0.1155,0.3155,70.5,6.07,40.81,24.17,35.8,5.7,6.1,40.18,89.26,0.3609,0.1304,24.83,14.2,14.2,14.2,loanDepot park,89,72,0,None,Yes,Yes,1,Yes,No,MLB Stats API; RotoWire,,H:2026/2025 P:2026/2025,,,Direct BvP not yet weighted; 2026/2025 Statcast baseline active,7,7,20,0,Contact streak: 7/20 over last 7 games,"platoon edge; pitcher baseline 6.1% barrel, 14.2 HR allowed",neutral batted-ball profile; pitcher fly-ball pressure modest,,
669364,Xavier Edwards,MIA,PIT,2026-08-13T17:10:00Z,Pre-Game,2,Braxton Ashcraft,677952,R,S,2.83,0.0945,86.87,96.5786,0.3572,0.0935,0.3104,67.95,2.54,29.57,21.49,29.05,5.1,6.1,40.18,89.26,0.3609,0.1304,24.83,14.2,14.2,14.2,loanDepot park,89,72,0,None,Yes,Yes,2,Yes,No,MLB Stats API; RotoWire,,H:2026/2025 P:2026/2025,,,Direct BvP not yet weighted; 2026/2025 Statcast baseline active,7,6,27,0,"Last 7 games: 6/27, 0 HR","switch hitter; pitcher baseline 6.1% barrel, 14.2 HR allowed",neutral batted-ball profile; pitcher fly-ball pressure modest,,
672640,Otto Lopez,MIA,PIT,2026-08-13T17:10:00Z,Pre-Game,3,Braxton Ashcraft,677952,R,R,6.4,0.1409,88.85,100.2469,0.4249,0.1468,0.3251,71.77,23.44,32.65,22.01,40.4,10.8,6.1,40.18,89.26,0.3609,0.1304,24.83,14.2,14.2,14.2,loanDepot park,89,72,0,None,Yes,Yes,3,Yes,No,MLB Stats API; RotoWire,,H:2026/2025 P:2026/2025,,,Direct BvP not yet weighted; 2026/2025 Statcast baseline active,7,6,31,0,"Last 7 games: 6/31, 0 HR","same-side matchup; pitcher baseline 6.1% barrel, 14.2 HR allowed",neutral batted-ball profile; pitcher fly-ball pressure modest,,
665052,Griffin Conine,MIA,PIT,2026-08-13T17:10:00Z,Pre-Game,4,Braxton Ashcraft,677952,R,L,17.04,0.2567,92.02,104.0202,0.5083,0.2446,0.3678,74.33,45.23,41.9,24.32,53.63,9.7,6.1,40.18,89.26,0.3609,0.1304,24.83,14.2,14.2,14.2,loanDepot park,89,72,0,None,Yes,Yes,4,Yes,No,MLB Stats API; RotoWire,,H:2026/2025 P:2026/2025,,,Direct BvP not yet weighted; 2026/2025 Statcast baseline active,7,8,23,3,Hot streak: 3 HR in last 7 games,"platoon edge; pitcher baseline 6.1% barrel, 14.2 HR allowed",EV profile; pitcher fly-ball pressure modest,,
682663,Agustín Ramírez,MIA,PIT,2026-08-13T17:10:00Z,Pre-Game,5,Braxton Ashcraft,677952,R,R,6.31,0.1316,89.68,102.4211,0.3506,0.1161,0.2956,75.62,58.28,40.19,17.09,41.68,7.7,6.1,40.18,89.26,0.3609,0.1304,24.83,14.2,14.2,14.2,loanDepot park,89,72,0,None,Yes,Yes,5,Yes,No,MLB Stats API; RotoWire,,H:2026/2025 P:2026/2025,,,Direct BvP not yet weighted; 2026/2025 Statcast baseline active,7,5,18,0,"Last 7 games: 5/18, 0 HR","same-side matchup; pitcher baseline 6.1% barrel, 14.2 HR allowed",neutral batted-ball profile; pitcher fly-ball pressure modest,,
677870,Leo Jiménez,MIA,PIT,2026-08-13T17:10:00Z,Pre-Game,6,Braxton Ashcraft,677952,R,R,5.95,0.082,91.02,100.4996,0.3406,0.1129,0.296,71.58,13.57,34.44,23.54,44.89,1.7,6.1,40.18,89.26,0.3609,0.1304,24.83,14.2,14.2,14.2,loanDepot park,89,72,0,None,Yes,Yes,6,Yes,No,MLB Stats API; RotoWire,,H:2026/2025 P:2026/2025,,,Direct BvP not yet weighted; 2026/2025 Statcast baseline active,7,4,20,0,"Last 7 games: 4/20, 0 HR","same-side matchup; pitcher baseline 6.1% barrel, 14.2 HR allowed",neutral batted-ball profile; pitcher fly-ball pressure modest,,
683357,Owen Caissie,MIA,PIT,2026-08-13T17:10:00Z,Pre-Game,7,Braxton Ashcraft,677952,R,L,14.14,0.1855,89.96,100.2607,0.381,0.1762,0.281,74.81,54.16,30.69,31.18,37.85,8.7,6.1,40.18,89.26,0.3609,0.1304,24.83,14.2,14.2,14.2,loanDepot park,89,72,0,None,Yes,Yes,7,Yes,No,MLB Stats API; RotoWire,,H:2026/2025 P:2026/2025,,,Direct BvP not yet weighted; 2026/2025 Statcast baseline active,7,3,21,0,"Last 7 games: 3/21, 0 HR","platoon edge; pitcher baseline 6.1% barrel, 14.2 HR allowed",neutral batted-ball profile; pitcher fly-ball pressure modest,,
691594,Javier Sanoja,MIA,PIT,2026-08-13T17:10:00Z,Pre-Game,8,Braxton Ashcraft,677952,R,R,2.08,0.1404,87.24,97.341,0.3357,0.0788,0.2806,69.07,6.88,37.73,19.18,31.99,4.6,6.1,40.18,89.26,0.3609,0.1304,24.83,14.2,14.2,14.2,loanDepot park,89,72,0,None,Yes,Yes,8,Yes,No,MLB Stats API; RotoWire,,H:2026/2025 P:2026/2025,,,Direct BvP not yet weighted; 2026/2025 Statcast baseline active,7,9,21,0,Contact streak: 9/21 over last 7 games,"same-side matchup; pitcher baseline 6.1% barrel, 14.2 HR allowed",neutral batted-ball profile; pitcher fly-ball pressure modest,,
665923,Esteury Ruiz,MIA,PIT,2026-08-13T17:10:00Z,Pre-Game,9,Braxton Ashcraft,677952,R,R,8.96,0.2067,84.3,96.3175,0.3454,0.154,0.2959,71.38,17.33,45.43,27.79,27.79,4.5,6.1,40.18,89.26,0.3609,0.1304,24.83,14.2,14.2,14.2,loanDepot park,89,72,0,None,Yes,Yes,9,Yes,No,MLB Stats API; RotoWire,,H:2026/2025 P:2026/2025,,,Direct BvP not yet weighted; 2026/2025 Statcast baseline active,7,4,10,1,Contact streak: 4/10 over last 7 games,"same-side matchup; pitcher baseline 6.1% barrel, 14.2 HR allowed",neutral batted-ball profile; pitcher fly-ball pressure modest,,
668227,Randy Arozarena,SEA,NYY,2026-08-13T17:35:00Z,Pre-Game,1,Max Fried,608331,L,R,8.91,0.1803,91.09,101.0341,0.4219,0.1676,0.3431,71.32,24.45,33.07,23.61,45.14,19.3,3.05,32.51,86.5,0.2835,0.0795,22.39,4.9,4.9,4.9,Yankee Stadium,119,83,9,Out To RF,Yes,Yes,1,Yes,No,MLB Stats API; RotoWire,,H:2026/2025 P:2026/2025,,,Direct BvP not yet weighted; 2026/2025 Statcast baseline active,7,5,27,2,Hot streak: 2 HR in last 7 games,"platoon edge; pitcher baseline 3.0% barrel, 4.9 HR allowed",neutral batted-ball profile; pitcher fly-ball pressure modest,,
677594,Julio Rodríguez,SEA,NYY,2026-08-13T17:35:00Z,Pre-Game,2,Max Fried,608331,L,R,9.24,0.1818,90.54,102.7139,0.4734,0.1978,0.3503,76.61,67.06,38.42,26.33,44.57,22.9,3.05,32.51,86.5,0.2835,0.0795,22.39,4.9,4.9,4.9,Yankee Stadium,119,83,9,Out To RF,Yes,Yes,2,Yes,No,MLB Stats API; RotoWire,,H:2026/2025 P:2026/2025,,,Direct BvP not yet weighted; 2026/2025 Statcast baseline active,7,7,24,3,Hot streak: 3 HR in last 7 games,"platoon edge; pitcher baseline 3.0% barrel, 4.9 HR allowed",neutral batted-ball profile; pitcher fly-ball pressure modest,,
686527,Dominic Canzone,SEA,NYY,2026-08-13T17:35:00Z,Pre-Game,3,Max Fried,608331,L,L,13.8,0.223,91.81,102.6606,0.5106,0.2325,0.3669,74.22,44.37,40.11,26.51,46.9,16.6,3.05,32.51,86.5,0.2835,0.0795,22.39,4.9,4.9,4.9,Yankee Stadium,119,83,9,Out To RF,Yes,Yes,3,Yes,No,MLB Stats API; RotoWire,,H:2026/2025 P:2026/2025,,,Direct BvP not yet weighted; 2026/2025 Statcast baseline active,7,6,27,1,"Last 7 games: 6/27, 1 HR","same-side matchup; pitcher baseline 3.0% barrel, 4.9 HR allowed",neutral batted-ball profile; pitcher fly-ball pressure modest,,
663728,Cal Raleigh,SEA,NYY,2026-08-13T17:35:00Z,Pre-Game,4,Max Fried,608331,L,S,14.88,0.2006,89.76,100.7197,0.4231,0.2278,0.3178,74.99,52.67,53.94,41.8,39.24,26.4,3.05,32.51,86.5,0.2835,0.0795,22.39,4.9,4.9,4.9,Yankee Stadium,119,83,9,Out To RF,Yes,Yes,4,Yes,No,MLB Stats API; RotoWire,,H:2026/2025 P:2026/2025,,,Direct BvP not yet weighted; 2026/2025 Statcast baseline active,7,3,20,0,"Last 7 games: 3/20, 0 HR","switch hitter; pitcher baseline 3.0% barrel, 4.9 HR allowed",fly-ball profile; pitcher fly-ball pressure modest,,
647304,Josh Naylor,SEA,NYY,2026-08-13T17:35:00Z,Pre-Game,5,Max Fried,608331,L,L,5.37,0.1264,88.22,99.1709,0.4068,0.1359,0.3264,70.41,11.26,41.5,23.55,38.19,13.0,3.05,32.51,86.5,0.2835,0.0795,22.39,4.9,4.9,4.9,Yankee Stadium,119,83,9,Out To RF,Yes,Yes,5,Yes,No,MLB Stats API; RotoWire,,H:2026/2025 P:2026/2025,,,Direct BvP not yet weighted; 2026/2025 Statcast baseline active,7,7,22,2,Hot streak: 2 HR in last 7 games,"same-side matchup; pitcher baseline 3.0% barrel, 4.9 HR allowed",neutral batted-ball profile; pitcher fly-ball pressure modest,,
680977,Brendan Donovan,SEA,NYY,2026-08-13T17:35:00Z,Pre-Game,6,Max Fried,608331,L,L,5.16,0.1476,86.34,97.0395,0.3741,0.1228,0.3229,68.81,1.86,37.32,23.77,32.64,5.1,3.05,32.51,86.5,0.2835,0.0795,22.39,4.9,4.9,4.9,Yankee Stadium,119,83,9,Out To RF,Yes,Yes,6,Yes,No,MLB Stats API; RotoWire,,H:2026/2025 P:2026/2025,,,Direct BvP not yet weighted; 2026/2025 Statcast baseline active,7,5,25,0,"Last 7 games: 5/25, 0 HR","same-side matchup; pitcher baseline 3.0% barrel, 4.9 HR allowed",neutral batted-ball profile; pitcher fly-ball pressure modest,,
642215,Weston Wilson,SEA,NYY,2026-08-13T17:35:00Z,Pre-Game,7,Max Fried,608331,L,R,6.45,0.1388,86.32,98.1509,0.3136,0.1172,0.2712,72.71,26.96,47.2,26.97,33.44,3.6,3.05,32.51,86.5,0.2835,0.0795,22.39,4.9,4.9,4.9,Yankee Stadium,119,83,9,Out To RF,Yes,Yes,7,Yes,No,MLB Stats API; RotoWire,,H:2026/2025 P:2026/2025,,,Direct BvP not yet weighted; 2026/2025 Statcast baseline active,7,3,21,0,"Last 7 games: 3/21, 0 HR","platoon edge; pitcher baseline 3.0% barrel, 4.9 HR allowed",neutral batted-ball profile; pitcher fly-ball pressure modest,,
640902,Jhonny Pereda,SEA,NYY,2026-08-13T17:35:00Z,Pre-Game,8,Max Fried,608331,L,R,3.82,0.0891,89.66,100.2932,0.3647,0.1003,0.3065,70.69,7.6,30.53,14.02,45.88,1.4,3.05,32.51,86.5,0.2835,0.0795,22.39,4.9,4.9,4.9,Yankee Stadium,119,83,9,Out To RF,Yes,Yes,8,Yes,No,MLB Stats API; RotoWire,,H:2026/2025 P:2026/2025,,,Direct BvP not yet weighted; 2026/2025 Statcast baseline active,7,6,26,0,"Last 7 games: 6/26, 0 HR","platoon edge; pitcher baseline 3.0% barrel, 4.9 HR allowed",neutral batted-ball profile; pitcher fly-ball pressure modest,,
660844,Leo Rivas,SEA,NYY,2026-08-13T17:35:00Z,Pre-Game,9,Max Fried,608331,L,S,1.88,0.0533,86.37,93.8058,0.2303,0.0693,0.2537,65.83,0.81,44.82,30.79,16.76,0.6,3.05,32.51,86.5,0.2835,0.0795,22.39,4.9,4.9,4.9,Yankee Stadium,119,83,9,Out To RF,Yes,Yes,9,Yes,No,MLB Stats API; RotoWire,,H:2026/2025 P:2026/2025,,,Direct BvP not yet weighted; 2026/2025 Statcast baseline active,7,1,14,0,"Last 7 games: 1/14, 0 HR","switch hitter; pitcher baseline 3.0% barrel, 4.9 HR allowed",neutral batted-ball profile; pitcher fly-ball pressure modest,,
663757,Trent Grisham,NYY,SEA,2026-08-13T17:35:00Z,Pre-Game,1,Logan Gilbert,669302,R,L,11.4,0.2059,90.82,100.9016,0.4581,0.2101,0.3497,70.72,8.95,46.75,30.56,45.84,20.7,9.86,42.05,90.38,0.3908,0.1645,29.31,19.3,19.3,19.3,Yankee Stadium,119,83,9,Out To RF,Yes,Yes,1,Yes,No,MLB Stats API; RotoWire,,H:2026/2025 P:2026/2025,,,Direct BvP not yet weighted; 2026/2025 Statcast baseline active,7,9,29,3,Hot streak: 3 HR in last 7 games,"platoon edge; pitcher baseline 9.9% barrel, 19.3 HR allowed",neutral batted-ball profile; pitcher fly-ball pressure modest,,
700250,Ben Rice,NYY,SEA,2026-08-13T17:35:00Z,Pre-Game,2,Logan Gilbert,669302,R,L,15.4,0.2727,92.46,102.5902,0.5222,0.2527,0.3784,72.91,27.94,46.36,29.9,50.78,30.2,9.86,42.05,90.38,0.3908,0.1645,29.31,19.3,19.3,19.3,Yankee Stadium,119,83,9,Out To RF,Yes,Yes,2,Yes,No,MLB Stats API; RotoWire,,H:2026/2025 P:2026/2025,,,Direct BvP not yet weighted; 2026/2025 Statcast baseline active,7,4,24,1,"Last 7 games: 4/24, 1 HR","platoon edge; pitcher baseline 9.9% barrel, 19.3 HR allowed",EV profile; pitcher fly-ball pressure modest,,
682987,Spencer Jones,NYY,SEA,2026-08-13T17:35:00Z,Pre-Game,3,Logan Gilbert,669302,R,L,14.7,0.185,94.2,103.5647,0.448,0.222,0.332,77.8,79.0,28.0,38.7,58.1,5.0,9.86,42.05,90.38,0.3908,0.1645,29.31,19.3,19.3,19.3,Yankee Stadium,119,83,9,Out To RF,Yes,Yes,3,Yes,No,MLB Stats API; RotoWire,,H:2026 P:2026/2025,,,Direct BvP not yet weighted; 2026/2025 Statcast baseline active,7,4,23,0,"Last 7 games: 4/23, 0 HR","platoon edge; pitcher baseline 9.9% barrel, 19.3 HR allowed",EV profile; pitcher fly-ball pressure modest,,
671277,Luis García Jr.,NYY,SEA,2026-08-13T17:35:00Z,Pre-Game,4,Logan Gilbert,669302,R,L,11.24,0.237,91.11,101.8473,0.4924,0.2065,0.3481,73.66,38.36,41.64,21.91,45.94,21.6,9.86,42.05,90.38,0.3908,0.1645,29.31,19.3,19.3,19.3,Yankee Stadium,119,83,9,Out To RF,Yes,Yes,4,Yes,No,MLB Stats API; RotoWire,,H:2026/2025 P:2026/2025,,,Direct BvP not yet weighted; 2026/2025 Statcast baseline active,7,6,27,1,"Last 7 games: 6/27, 1 HR","platoon edge; pitcher baseline 9.9% barrel, 19.3 HR allowed",neutral batted-ball profile; pitcher fly-ball pressure modest,,
806146,George Lombard Jr.,NYY,SEA,2026-08-13T17:35:00Z,Pre-Game,5,Logan Gilbert,669302,R,R,11.8,0.24,87.5,99.1434,0.457,0.143,0.373,72.1,22.2,27.8,22.2,38.9,2.0,9.86,42.05,90.38,0.3908,0.1645,29.31,19.3,19.3,19.3,Yankee Stadium,119,83,9,Out To RF,Yes,Yes,5,Yes,No,MLB Stats API; RotoWire,,H:2026 P:2026/2025,,,Direct BvP not yet weighted; 2026/2025 Statcast baseline active,7,8,25,2,Hot streak: 2 HR in last 7 games,"same-side matchup; pitcher baseline 9.9% barrel, 19.3 HR allowed",neutral batted-ball profile; pitcher fly-ball pressure modest,,
665862,Jazz Chisholm Jr.,NYY,SEA,2026-08-13T17:35:00Z,Pre-Game,6,Logan Gilbert,669302,R,L,10.8,0.1956,90.33,100.5846,0.3991,0.1826,0.3061,73.41,34.49,53.1,29.56,42.67,21.2,9.86,42.05,90.38,0.3908,0.1645,29.31,19.3,19.3,19.3,Yankee Stadium,119,83,9,Out To RF,Yes,Yes,6,Yes,No,MLB Stats API; RotoWire,,H:2026/2025 P:2026/2025,,,Direct BvP not yet weighted; 2026/2025 Statcast baseline active,7,4,21,1,"Last 7 games: 4/21, 1 HR","platoon edge; pitcher baseline 9.9% barrel, 19.3 HR allowed",neutral batted-ball profile; pitcher fly-ball pressure modest,,
676609,José Caballero,NYY,SEA,2026-08-13T17:35:00Z,Pre-Game,7,Logan Gilbert,669302,R,R,4.64,0.1376,84.53,96.3907,0.3383,0.1122,0.2843,68.75,8.05,41.6,21.31,26.61,9.9,9.86,42.05,90.38,0.3908,0.1645,29.31,19.3,19.3,19.3,Yankee Stadium,119,83,9,Out To RF,Yes,Yes,7,Yes,No,MLB Stats API; RotoWire,,H:2026/2025 P:2026/2025,,,Direct BvP not yet weighted; 2026/2025 Statcast baseline active,7,5,16,2,Hot streak: 2 HR in last 7 games,"same-side matchup; pitcher baseline 9.9% barrel, 19.3 HR allowed",neutral batted-ball profile; pitcher fly-ball pressure modest,,
641857,Ryan McMahon,NYY,SEA,2026-08-13T17:35:00Z,Pre-Game,8,Logan Gilbert,669302,R,L,10.77,0.1614,91.76,102.1303,0.4064,0.1744,0.3115,74.42,46.48,40.92,31.89,48.96,13.0,9.86,42.05,90.38,0.3908,0.1645,29.31,19.3,19.3,19.3,Yankee Stadium,119,83,9,Out To RF,Yes,Yes,8,Yes,No,MLB Stats API; RotoWire,,H:2026/2025 P:2026/2025,,,Direct BvP not yet weighted; 2026/2025 Statcast baseline active,7,6,19,0,"Last 7 games: 6/19, 0 HR","platoon edge; pitcher baseline 9.9% barrel, 19.3 HR allowed",neutral batted-ball profile; pitcher fly-ball pressure modest,,
645305,Ali Sánchez,NYY,SEA,2026-08-13T17:35:00Z,Pre-Game,9,Logan Gilbert,669302,R,R,6.96,0.0877,84.52,96.1698,0.3442,0.0959,0.269,70.21,8.26,35.67,20.26,30.7,0.7,9.86,42.05,90.38,0.3908,0.1645,29.31,19.3,19.3,19.3,Yankee Stadium,119,83,9,Out To RF,Yes,Yes,9,Yes,No,MLB Stats API; RotoWire,,H:2026/2025 P:2026/2025,,,Direct BvP not yet weighted; 2026/2025 Statcast baseline active,7,3,9,0,Contact streak: 3/9 over last 7 games,"same-side matchup; pitcher baseline 9.9% barrel, 19.3 HR allowed",neutral batted-ball profile; pitcher fly-ball pressure modest,,
807799,Masataka Yoshida,BOS,TOR,2026-08-13T19:07:00Z,Pre-Game,1,Max Scherzer,453286,R,L,4.5,0.1248,89.01,99.4023,0.3791,0.1143,0.3189,71.69,19.16,44.41,21.25,40.36,4.7,11.42,37.57,88.23,0.4771,0.2153,31.92,13.4,13.4,13.4,Rogers Centre,105,75,8,Out To RF,No,No,1,Yes,Yes,RotoWire projected lineup; MLB probable pitchers,lineup projected / unconfirmed,H:2026/2025 P:2026/2025,,,Direct BvP not yet weighted; 2026/2025 Statcast baseline active,7,7,26,0,"Last 7 games: 7/26, 0 HR","platoon edge; pitcher baseline 11.4% barrel, 13.4 HR allowed",neutral batted-ball profile; pitcher allows elevated contact,,
678882,Ceddanne Rafaela,BOS,TOR,2026-08-13T19:07:00Z,Pre-Game,2,Max Scherzer,453286,R,R,6.68,0.1762,86.97,97.8402,0.3817,0.1334,0.2931,70.02,8.83,35.64,25.79,34.43,16.0,11.42,37.57,88.23,0.4771,0.2153,31.92,13.4,13.4,13.4,Rogers Centre,105,75,8,Out To RF,No,No,2,Yes,Yes,RotoWire projected lineup; MLB probable pitchers,lineup projected / unconfirmed,H:2026/2025 P:2026/2025,,,Direct BvP not yet weighted; 2026/2025 Statcast baseline active,7,9,33,1,"Last 7 games: 9/33, 1 HR","same-side matchup; pitcher baseline 11.4% barrel, 13.4 HR allowed",neutral batted-ball profile; pitcher allows elevated contact,,
668939,Adley Rutschman,BOS,TOR,2026-08-13T19:07:00Z,Pre-Game,3,Max Scherzer,453286,R,S,7.15,0.1684,89.12,99.4655,0.4198,0.1592,0.3397,70.56,12.98,38.47,28.17,40.42,8.3,11.42,37.57,88.23,0.4771,0.2153,31.92,13.4,13.4,13.4,Rogers Centre,105,75,8,Out To RF,No,No,3,Yes,Yes,RotoWire projected lineup; MLB probable pitchers,lineup projected / unconfirmed,H:2026/2025 P:2026/2025,,,Direct BvP not yet weighted; 2026/2025 Statcast baseline active,7,3,21,0,"Last 7 games: 3/21, 0 HR","switch hitter; pitcher baseline 11.4% barrel, 13.4 HR allowed",neutral batted-ball profile; pitcher allows elevated contact,,
575929,Willson Contreras,BOS,TOR,2026-08-13T19:07:00Z,Pre-Game,4,Max Scherzer,453286,R,R,14.46,0.2313,90.53,103.0427,0.5048,0.2429,0.379,76.77,69.01,44.35,29.61,46.69,22.8,11.42,37.57,88.23,0.4771,0.2153,31.92,13.4,13.4,13.4,Rogers Centre,105,75,8,Out To RF,No,No,4,Yes,Yes,RotoWire projected lineup; MLB probable pitchers,lineup projected / unconfirmed,H:2026/2025 P:2026/2025,,,Direct BvP not yet weighted; 2026/2025 Statcast baseline active,7,5,22,1,"Last 7 games: 5/22, 1 HR","same-side matchup; pitcher baseline 11.4% barrel, 13.4 HR allowed",neutral batted-ball profile; pitcher allows elevated contact,,
677800,Wilyer Abreu,BOS,TOR,2026-08-13T19:07:00Z,Pre-Game,5,Max Scherzer,453286,R,L,12.72,0.2129,90.24,101.3033,0.4799,0.2271,0.3469,73.89,38.73,37.34,37.87,43.99,21.3,11.42,37.57,88.23,0.4771,0.2153,31.92,13.4,13.4,13.4,Rogers Centre,105,75,8,Out To RF,No,No,5,Yes,Yes,RotoWire projected lineup; MLB probable pitchers,lineup projected / unconfirmed,H:2026/2025 P:2026/2025,,,Direct BvP not yet weighted; 2026/2025 Statcast baseline active,7,7,22,2,Hot streak: 2 HR in last 7 games,"platoon edge; pitcher baseline 11.4% barrel, 13.4 HR allowed",fly-ball profile; pitcher allows elevated contact,,
702332,Caleb Durbin,BOS,TOR,2026-08-13T19:07:00Z,Pre-Game,6,Max Scherzer,453286,R,R,3.16,0.1443,84.22,95.8949,0.3333,0.0923,0.2938,68.88,5.37,41.58,18.91,26.97,11.0,11.42,37.57,88.23,0.4771,0.2153,31.92,13.4,13.4,13.4,Rogers Centre,105,75,8,Out To RF,No,No,6,Yes,Yes,RotoWire projected lineup; MLB probable pitchers,lineup projected / unconfirmed,H:2026/2025 P:2026/2025,,,Direct BvP not yet weighted; 2026/2025 Statcast baseline active,7,7,26,0,"Last 7 games: 7/26, 0 HR","same-side matchup; pitcher baseline 11.4% barrel, 13.4 HR allowed",neutral batted-ball profile; pitcher allows elevated contact,,
680776,Jarren Duran,BOS,TOR,2026-08-13T19:07:00Z,Pre-Game,7,Max Scherzer,453286,R,L,9.77,0.1636,90.33,102.0753,0.3904,0.1529,0.3057,74.98,50.1,39.74,22.79,41.55,16.0,11.42,37.57,88.23,0.4771,0.2153,31.92,13.4,13.4,13.4,Rogers Centre,105,75,8,Out To RF,No,No,7,Yes,Yes,RotoWire projected lineup; MLB probable pitchers,lineup projected / unconfirmed,H:2026/2025 P:2026/2025,,,Direct BvP not yet weighted; 2026/2025 Statcast baseline active,7,4,27,1,"Last 7 games: 4/27, 1 HR","platoon edge; pitcher baseline 11.4% barrel, 13.4 HR allowed",neutral batted-ball profile; pitcher allows elevated contact,,
655316,Andruw Monasterio,BOS,TOR,2026-08-13T19:07:00Z,Pre-Game,8,Max Scherzer,453286,R,R,7.4,0.1747,87.98,97.9066,0.3875,0.1439,0.3052,69.17,3.29,42.23,31.97,35.31,5.4,11.42,37.57,88.23,0.4771,0.2153,31.92,13.4,13.4,13.4,Rogers Centre,105,75,8,Out To RF,No,No,8,Yes,Yes,RotoWire projected lineup; MLB probable pitchers,lineup projected / unconfirmed,H:2026/2025 P:2026/2025,,,Direct BvP not yet weighted; 2026/2025 Statcast baseline active,7,7,23,0,"Last 7 games: 7/23, 0 HR","same-side matchup; pitcher baseline 11.4% barrel, 13.4 HR allowed",neutral batted-ball profile; pitcher allows elevated contact,,
686765,Nick Sogard,BOS,TOR,2026-08-13T19:07:00Z,Pre-Game,9,Max Scherzer,453286,R,S,2.66,0.0826,84.81,95.6421,0.3386,0.0792,0.3181,68.99,3.96,46.29,20.73,27.42,0.0,11.42,37.57,88.23,0.4771,0.2153,31.92,13.4,13.4,13.4,Rogers Centre,105,75,8,Out To RF,No,No,9,Yes,Yes,RotoWire projected lineup; MLB probable pitchers,lineup projected / unconfirmed,H:2026/2025 P:2026/2025,,,Direct BvP not yet weighted; 2026/2025 Statcast baseline active,7,8,28,0,"Last 7 games: 8/28, 0 HR","switch hitter; pitcher baseline 11.4% barrel, 13.4 HR allowed",neutral batted-ball profile; pitcher allows elevated contact,,
807727,Charles McAdoo,TOR,BOS,2026-08-13T19:07:00Z,Pre-Game,1,Payton Tolle,801139,L,R,7.7,0.176,87.3,94.9188,0.377,0.132,0.285,73.2,36.2,7.7,26.9,23.1,2.0,6.75,36.34,88.01,0.3553,0.1366,27.95,10.6,10.6,10.6,Rogers Centre,105,75,8,Out To RF,Yes,No,9,Yes,Yes,MLB Stats API; RotoWire,RotoWire not confirmed; order MLB 1 vs RotoWire 9,H:2026 P:2026/2025,,,Direct BvP not yet weighted; 2026/2025 Statcast baseline active,7,4,20,1,"Last 7 games: 4/20, 1 HR","platoon edge; pitcher baseline 6.8% barrel, 10.6 HR allowed",neutral batted-ball profile; pitcher fly-ball pressure modest,,
676391,Ernie Clement,TOR,BOS,2026-08-13T19:07:00Z,Pre-Game,2,Payton Tolle,801139,L,R,2.4,0.1231,85.27,94.7581,0.3401,0.0881,0.2743,67.46,2.75,42.55,28.18,22.29,9.0,6.75,36.34,88.01,0.3553,0.1366,27.95,10.6,10.6,10.6,Rogers Centre,105,75,8,Out To RF,Yes,No,6,Yes,Yes,MLB Stats API; RotoWire,RotoWire not confirmed; order MLB 2 vs RotoWire 6,H:2026/2025 P:2026/2025,,,Direct BvP not yet weighted; 2026/2025 Statcast baseline active,7,6,27,0,"Last 7 games: 6/27, 0 HR","platoon edge; pitcher baseline 6.8% barrel, 10.6 HR allowed",neutral batted-ball profile; pitcher fly-ball pressure modest,,
665489,Vladimir Guerrero Jr.,TOR,BOS,2026-08-13T19:07:00Z,Pre-Game,3,Payton Tolle,801139,L,R,8.49,0.119,90.74,103.0165,0.4318,0.1444,0.349,76.35,63.61,35.88,19.24,45.38,11.8,6.75,36.34,88.01,0.3553,0.1366,27.95,10.6,10.6,10.6,Rogers Centre,105,75,8,Out To RF,Yes,No,2,Yes,Yes,MLB Stats API; RotoWire,RotoWire not confirmed; order MLB 3 vs RotoWire 2,H:2026/2025 P:2026/2025,,,Direct BvP not yet weighted; 2026/2025 Statcast baseline active,7,7,29,1,"Last 7 games: 7/29, 1 HR","platoon edge; pitcher baseline 6.8% barrel, 10.6 HR allowed",neutral batted-ball profile; pitcher fly-ball pressure modest,,
543807,George Springer,TOR,BOS,2026-08-13T19:07:00Z,Pre-Game,4,Payton Tolle,801139,L,R,9.76,0.1866,88.95,100.1884,0.4352,0.1862,0.3361,73.24,34.81,41.3,27.07,41.3,18.0,6.75,36.34,88.01,0.3553,0.1366,27.95,10.6,10.6,10.6,Rogers Centre,105,75,8,Out To RF,Yes,No,4,Yes,Yes,MLB Stats API; RotoWire,RotoWire not confirmed,H:2026/2025 P:2026/2025,,,Direct BvP not yet weighted; 2026/2025 Statcast baseline active,7,3,16,0,"Last 7 games: 3/16, 0 HR","platoon edge; pitcher baseline 6.8% barrel, 10.6 HR allowed",neutral batted-ball profile; pitcher fly-ball pressure modest,,
672960,Kazuma Okamoto,TOR,BOS,2026-08-13T19:07:00Z,Pre-Game,5,Payton Tolle,801139,L,R,12.3,0.205,90.4,101.5183,0.408,0.198,0.306,73.2,35.9,50.7,33.1,44.0,24.0,6.75,36.34,88.01,0.3553,0.1366,27.95,10.6,10.6,10.6,Rogers Centre,105,75,8,Out To RF,Yes,No,5,Yes,Yes,MLB Stats API; RotoWire,RotoWire not confirmed,H:2026 P:2026/2025,,,Direct BvP not yet weighted; 2026/2025 Statcast baseline active,7,5,28,0,"Last 7 games: 5/28, 0 HR","platoon edge; pitcher baseline 6.8% barrel, 10.6 HR allowed",neutral batted-ball profile; pitcher fly-ball pressure modest,,
665926,Andrés Giménez,TOR,BOS,2026-08-13T19:07:00Z,Pre-Game,6,Payton Tolle,801139,L,L,3.28,0.1156,85.95,95.9042,0.3358,0.0971,0.2814,68.46,5.21,38.59,23.44,25.11,7.7,6.75,36.34,88.01,0.3553,0.1366,27.95,10.6,10.6,10.6,Rogers Centre,105,75,8,Out To RF,Yes,No,7,Yes,Yes,MLB Stats API; RotoWire,RotoWire not confirmed; order MLB 6 vs RotoWire 7,H:2026/2025 P:2026/2025,,,Direct BvP not yet weighted; 2026/2025 Statcast baseline active,7,10,27,1,Contact streak: 10/27 over last 7 games,"same-side matchup; pitcher baseline 6.8% barrel, 10.6 HR allowed",neutral batted-ball profile; pitcher fly-ball pressure modest,,
678218,Brandon Valenzuela,TOR,BOS,2026-08-13T19:07:00Z,Pre-Game,7,Payton Tolle,801139,L,S,8.0,0.16,87.9,99.1446,0.388,0.146,0.313,72.6,21.8,42.3,25.5,37.2,8.0,6.75,36.34,88.01,0.3553,0.1366,27.95,10.6,10.6,10.6,Rogers Centre,105,75,8,Out To RF,Yes,,,No,Yes,MLB Stats API; RotoWire,not found on RotoWire,H:2026 P:2026/2025,,,Direct BvP not yet weighted; 2026/2025 Statcast baseline active,7,4,14,0,"Last 7 games: 4/14, 0 HR","switch hitter; pitcher baseline 6.8% barrel, 10.6 HR allowed",neutral batted-ball profile; pitcher fly-ball pressure modest,,
664702,Myles Straw,TOR,BOS,2026-08-13T19:07:00Z,Pre-Game,8,Payton Tolle,801139,L,R,3.41,0.1113,86.29,95.8905,0.3615,0.1032,0.2957,68.26,5.66,35.66,27.04,26.19,3.3,6.75,36.34,88.01,0.3553,0.1366,27.95,10.6,10.6,10.6,Rogers Centre,105,75,8,Out To RF,Yes,No,8,Yes,Yes,MLB Stats API; RotoWire,RotoWire not confirmed,H:2026/2025 P:2026/2025,,,Direct BvP not yet weighted; 2026/2025 Statcast baseline active,7,5,25,0,"Last 7 games: 5/25, 0 HR","platoon edge; pitcher baseline 6.8% barrel, 10.6 HR allowed",neutral batted-ball profile; pitcher fly-ball pressure modest,,
664770,Nathan Lukes,TOR,BOS,2026-08-13T19:07:00Z,Pre-Game,9,Payton Tolle,801139,L,L,2.28,0.1177,87.06,96.7524,0.3451,0.091,0.2919,67.3,4.04,34.22,20.67,30.28,7.8,6.75,36.34,88.01,0.3553,0.1366,27.95,10.6,10.6,10.6,Rogers Centre,105,75,8,Out To RF,Yes,,,No,Yes,MLB Stats API; RotoWire,not found on RotoWire,H:2026/2025 P:2026/2025,,,Direct BvP not yet weighted; 2026/2025 Statcast baseline active,7,7,25,1,"Last 7 games: 7/25, 1 HR","same-side matchup; pitcher baseline 6.8% barrel, 10.6 HR allowed",neutral batted-ball profile; pitcher fly-ball pressure modest,,
691718,Pete Crow-Armstrong,CHC,WSH,2026-08-13T20:05:00Z,Scheduled,1,Cade Cavalli,676917,R,L,12.54,0.2522,89.99,101.6133,0.4736,0.2225,0.3511,74.17,43.27,49.81,35.15,46.5,28.2,6.6,40.96,88.75,0.3888,0.1375,21.26,12.6,12.6,12.6,Nationals Park,101,,,,No,No,1,Yes,Yes,RotoWire projected lineup; MLB probable pitchers,lineup projected / unconfirmed,H:2026/2025 P:2026/2025,,,Direct BvP not yet weighted; 2026/2025 Statcast baseline active,7,9,32,3,Hot streak: 3 HR in last 7 games,"platoon edge; pitcher baseline 6.6% barrel, 12.6 HR allowed",fly-ball profile; pitcher fly-ball pressure modest,,
673548,Seiya Suzuki,CHC,WSH,2026-08-13T20:05:00Z,Scheduled,2,Cade Cavalli,676917,R,R,12.19,0.2148,89.62,101.1848,0.4475,0.1977,0.3415,73.3,36.83,42.18,30.85,41.98,23.6,6.6,40.96,88.75,0.3888,0.1375,21.26,12.6,12.6,12.6,Nationals Park,101,,,,No,No,2,Yes,Yes,RotoWire projected lineup; MLB probable pitchers,lineup projected / unconfirmed,H:2026/2025 P:2026/2025,,,Direct BvP not yet weighted; 2026/2025 Statcast baseline active,7,8,29,1,"Last 7 games: 8/29, 1 HR","same-side matchup; pitcher baseline 6.6% barrel, 12.6 HR allowed",neutral batted-ball profile; pitcher fly-ball pressure modest,,
683737,Michael Busch,CHC,WSH,2026-08-13T20:05:00Z,Scheduled,3,Cade Cavalli,676917,R,L,11.5,0.1794,89.33,99.5891,0.4472,0.2034,0.3465,68.83,5.5,40.28,34.62,41.63,20.0,6.6,40.96,88.75,0.3888,0.1375,21.26,12.6,12.6,12.6,Nationals Park,101,,,,No,No,3,Yes,Yes,RotoWire projected lineup; MLB probable pitchers,lineup projected / unconfirmed,H:2026/2025 P:2026/2025,,,Direct BvP not yet weighted; 2026/2025 Statcast baseline active,7,9,31,0,"Last 7 games: 9/31, 0 HR","platoon edge; pitcher baseline 6.6% barrel, 12.6 HR allowed",neutral batted-ball profile; pitcher fly-ball pressure modest,,
608324,Alex Bregman,CHC,WSH,2026-08-13T20:05:00Z,Scheduled,4,Cade Cavalli,676917,R,R,5.2,0.1659,88.84,98.3741,0.3836,0.1376,0.3209,70.16,4.94,47.28,26.53,39.99,16.6,6.6,40.96,88.75,0.3888,0.1375,21.26,12.6,12.6,12.6,Nationals Park,101,,,,No,No,4,Yes,Yes,RotoWire projected lineup; MLB probable pitchers,lineup projected / unconfirmed,H:2026/2025 P:2026/2025,,,Direct BvP not yet weighted; 2026/2025 Statcast baseline active,7,12,30,5,Hot streak: 5 HR in last 7 games,"same-side matchup; pitcher baseline 6.6% barrel, 12.6 HR allowed",neutral batted-ball profile; pitcher fly-ball pressure modest,,
664023,Ian Happ,CHC,WSH,2026-08-13T20:05:00Z,Scheduled,5,Cade Cavalli,676917,R,S,11.03,0.1938,89.65,100.9472,0.4122,0.1951,0.3239,71.88,18.85,43.98,32.74,43.07,20.9,6.6,40.96,88.75,0.3888,0.1375,21.26,12.6,12.6,12.6,Nationals Park,101,,,,No,No,5,Yes,Yes,RotoWire projected lineup; MLB probable pitchers,lineup projected / unconfirmed,H:2026/2025 P:2026/2025,,,Direct BvP not yet weighted; 2026/2025 Statcast baseline active,7,7,27,2,Hot streak: 2 HR in last 7 games,"switch hitter; pitcher baseline 6.6% barrel, 12.6 HR allowed",neutral batted-ball profile; pitcher fly-ball pressure modest,,
663538,Nico Hoerner,CHC,WSH,2026-08-13T20:05:00Z,Scheduled,6,Cade Cavalli,676917,R,R,1.56,0.1012,86.21,96.2448,0.3798,0.0836,0.3241,68.33,1.76,33.22,21.84,29.11,7.0,6.6,40.96,88.75,0.3888,0.1375,21.26,12.6,12.6,12.6,Nationals Park,101,,,,No,No,6,Yes,Yes,RotoWire projected lineup; MLB probable pitchers,lineup projected / unconfirmed,H:2026/2025 P:2026/2025,,,Direct BvP not yet weighted; 2026/2025 Statcast baseline active,7,9,28,0,Contact streak: 9/28 over last 7 games,"same-side matchup; pitcher baseline 6.6% barrel, 12.6 HR allowed",neutral batted-ball profile; pitcher fly-ball pressure modest,,
608348,Carson Kelly,CHC,WSH,2026-08-13T20:05:00Z,Scheduled,7,Cade Cavalli,676917,R,R,6.87,0.1321,87.54,98.7706,0.3872,0.1484,0.3161,70.82,8.54,39.71,25.36,37.08,10.0,6.6,40.96,88.75,0.3888,0.1375,21.26,12.6,12.6,12.6,Nationals Park,101,,,,No,No,7,Yes,Yes,RotoWire projected lineup; MLB probable pitchers,lineup projected / unconfirmed,H:2026/2025 P:2026/2025,,,Direct BvP not yet weighted; 2026/2025 Statcast baseline active,7,7,26,1,"Last 7 games: 7/26, 1 HR","same-side matchup; pitcher baseline 6.6% barrel, 12.6 HR allowed",neutral batted-ball profile; pitcher fly-ball pressure modest,,
621020,Dansby Swanson,CHC,WSH,2026-08-13T20:05:00Z,Scheduled,8,Cade Cavalli,676917,R,R,8.9,0.1849,89.8,99.9873,0.4154,0.1792,0.317,71.32,8.4,46.5,29.19,43.25,19.8,6.6,40.96,88.75,0.3888,0.1375,21.26,12.6,12.6,12.6,Nationals Park,101,,,,No,No,8,Yes,Yes,RotoWire projected lineup; MLB probable pitchers,lineup projected / unconfirmed,H:2026/2025 P:2026/2025,,,Direct BvP not yet weighted; 2026/2025 Statcast baseline active,7,4,25,1,"Last 7 games: 4/25, 1 HR","same-side matchup; pitcher baseline 6.6% barrel, 12.6 HR allowed",neutral batted-ball profile; pitcher fly-ball pressure modest,,
621438,Tyrone Taylor,CHC,WSH,2026-08-13T20:05:00Z,Scheduled,9,Cade Cavalli,676917,R,R,8.77,0.1954,86.99,98.5979,0.4123,0.1672,0.3092,71.28,13.12,49.28,31.33,34.96,7.6,6.6,40.96,88.75,0.3888,0.1375,21.26,12.6,12.6,12.6,Nationals Park,101,,,,No,No,9,Yes,Yes,RotoWire projected lineup; MLB probable pitchers,lineup projected / unconfirmed,H:2026/2025 P:2026/2025,,,Direct BvP not yet weighted; 2026/2025 Statcast baseline active,7,3,15,0,"Last 7 games: 3/15, 0 HR","same-side matchup; pitcher baseline 6.6% barrel, 12.6 HR allowed",neutral batted-ball profile; pitcher fly-ball pressure modest,,
682928,CJ Abrams,WSH,CHC,2026-08-13T20:05:00Z,Scheduled,1,Kevin Gausman,592332,R,L,9.63,0.2348,89.4,100.0606,0.4395,0.184,0.3349,72.82,27.82,43.45,28.52,41.44,26.0,7.66,39.58,88.6,0.3986,0.1557,26.58,17.5,17.5,17.5,Nationals Park,101,,,,No,No,1,Yes,Yes,RotoWire projected lineup; MLB probable pitchers,lineup projected / unconfirmed,H:2026/2025 P:2026/2025,,,Direct BvP not yet weighted; 2026/2025 Statcast baseline active,7,8,31,1,"Last 7 games: 8/31, 1 HR","platoon edge; pitcher baseline 7.7% barrel, 17.5 HR allowed",neutral batted-ball profile; pitcher fly-ball pressure modest,,
694673,Abimelec Ortiz,WSH,CHC,2026-08-13T20:05:00Z,Scheduled,2,Kevin Gausman,592332,R,L,19.0,0.384,92.0,101.7824,0.676,0.377,0.418,76.3,66.7,57.1,42.9,47.6,3.0,7.66,39.58,88.6,0.3986,0.1557,26.58,17.5,17.5,17.5,Nationals Park,101,,,,No,No,2,Yes,Yes,RotoWire projected lineup; MLB probable pitchers,lineup projected / unconfirmed,H:2026 P:2026/2025,,,Direct BvP not yet weighted; 2026/2025 Statcast baseline active,7,6,20,2,Hot streak: 2 HR in last 7 games,"platoon edge; pitcher baseline 7.7% barrel, 17.5 HR allowed",lift-pull EV profile; pitcher fly-ball pressure modest,,
677588,Jose Tena,WSH,CHC,2026-08-13T20:05:00Z,Scheduled,3,Kevin Gausman,592332,R,L,7.4,0.1421,90.74,101.9048,0.3738,0.1336,0.3048,72.94,33.39,31.3,17.08,46.66,4.2,7.66,39.58,88.6,0.3986,0.1557,26.58,17.5,17.5,17.5,Nationals Park,101,,,,No,No,3,Yes,Yes,RotoWire projected lineup; MLB probable pitchers,lineup projected / unconfirmed,H:2026/2025 P:2026/2025,,,Direct BvP not yet weighted; 2026/2025 Statcast baseline active,7,3,12,1,"Last 7 games: 3/12, 1 HR","platoon edge; pitcher baseline 7.7% barrel, 17.5 HR allowed",neutral batted-ball profile; pitcher fly-ball pressure modest,,
695734,Daylen Lile,WSH,CHC,2026-08-13T20:05:00Z,Scheduled,4,Kevin Gausman,592332,R,L,7.44,0.1787,88.55,98.7688,0.4252,0.1586,0.3235,70.5,8.45,40.52,33.04,38.0,13.2,7.66,39.58,88.6,0.3986,0.1557,26.58,17.5,17.5,17.5,Nationals Park,101,,,,No,No,4,Yes,Yes,RotoWire projected lineup; MLB probable pitchers,lineup projected / unconfirmed,H:2026/2025 P:2026/2025,,,Direct BvP not yet weighted; 2026/2025 Statcast baseline active,7,7,27,1,"Last 7 games: 7/27, 1 HR","platoon edge; pitcher baseline 7.7% barrel, 17.5 HR allowed",neutral batted-ball profile; pitcher fly-ball pressure modest,,
686611,Dylan Crews,WSH,CHC,2026-08-13T20:05:00Z,Scheduled,5,Kevin Gausman,592332,R,R,10.22,0.1496,90.33,101.2242,0.4161,0.1804,0.3161,73.76,35.9,34.01,28.89,42.41,10.0,7.66,39.58,88.6,0.3986,0.1557,26.58,17.5,17.5,17.5,Nationals Park,101,,,,No,No,5,Yes,Yes,RotoWire projected lineup; MLB probable pitchers,lineup projected / unconfirmed,H:2026/2025 P:2026/2025,,,Direct BvP not yet weighted; 2026/2025 Statcast baseline active,7,5,32,1,"Last 7 games: 5/32, 1 HR","same-side matchup; pitcher baseline 7.7% barrel, 17.5 HR allowed",neutral batted-ball profile; pitcher fly-ball pressure modest,,
678391,Jorbit Vivas,WSH,CHC,2026-08-13T20:05:00Z,Scheduled,6,Kevin Gausman,592332,R,L,3.65,0.0883,83.52,95.323,0.324,0.0792,0.3003,69.53,3.75,42.58,20.97,27.75,2.4,7.66,39.58,88.6,0.3986,0.1557,26.58,17.5,17.5,17.5,Nationals Park,101,,,,No,No,6,Yes,Yes,RotoWire projected lineup; MLB probable pitchers,lineup projected / unconfirmed,H:2026/2025 P:2026/2025,,,Direct BvP not yet weighted; 2026/2025 Statcast baseline active,7,3,12,0,"Last 7 games: 3/12, 0 HR","platoon edge; pitcher baseline 7.7% barrel, 17.5 HR allowed",neutral batted-ball profile; pitcher fly-ball pressure modest,,
683083,Nasim Nunez,WSH,CHC,2026-08-13T20:05:00Z,Scheduled,7,Kevin Gausman,592332,R,S,1.69,0.0769,86.01,96.1861,0.3005,0.0727,0.2785,68.74,4.84,31.57,18.33,28.27,1.9,7.66,39.58,88.6,0.3986,0.1557,26.58,17.5,17.5,17.5,Nationals Park,101,,,,No,No,7,Yes,Yes,RotoWire projected lineup; MLB probable pitchers,lineup projected / unconfirmed,H:2026/2025 P:2026/2025,,,Direct BvP not yet weighted; 2026/2025 Statcast baseline active,7,3,25,0,"Last 7 games: 3/25, 0 HR","switch hitter; pitcher baseline 7.7% barrel, 17.5 HR allowed",neutral batted-ball profile; pitcher fly-ball pressure modest,,
660688,Keibert Ruiz,WSH,CHC,2026-08-13T20:05:00Z,Scheduled,8,Kevin Gausman,592332,R,S,3.81,0.1382,87.81,97.6929,0.358,0.1073,0.2828,67.22,0.65,53.35,25.93,35.94,5.5,7.66,39.58,88.6,0.3986,0.1557,26.58,17.5,17.5,17.5,Nationals Park,101,,,,No,No,8,Yes,Yes,RotoWire projected lineup; MLB probable pitchers,lineup projected / unconfirmed,H:2026/2025 P:2026/2025,,,Direct BvP not yet weighted; 2026/2025 Statcast baseline active,7,10,23,0,Contact streak: 10/23 over last 7 games,"switch hitter; pitcher baseline 7.7% barrel, 17.5 HR allowed",neutral batted-ball profile; pitcher fly-ball pressure modest,,
696285,Jacob Young,WSH,CHC,2026-08-13T20:05:00Z,Scheduled,9,Kevin Gausman,592332,R,R,4.98,0.1281,88.09,98.0518,0.3773,0.1153,0.3131,69.0,2.02,34.65,23.86,33.22,7.6,7.66,39.58,88.6,0.3986,0.1557,26.58,17.5,17.5,17.5,Nationals Park,101,,,,No,No,9,Yes,Yes,RotoWire projected lineup; MLB probable pitchers,lineup projected / unconfirmed,H:2026/2025 P:2026/2025,,,Direct BvP not yet weighted; 2026/2025 Statcast baseline active,7,10,22,1,Contact streak: 10/22 over last 7 games,"same-side matchup; pitcher baseline 7.7% barrel, 17.5 HR allowed",neutral batted-ball profile; pitcher fly-ball pressure modest,,
656941,Kyle Schwarber,PHI,MIN,2026-08-13T23:30:00Z,Scheduled,1,Taj Bradley,671737,R,L,18.42,0.2957,93.46,104.5107,0.5208,0.2798,0.3793,77.16,75.21,54.98,33.18,54.28,41.3,8.59,43.75,90.39,0.3854,0.1561,28.77,17.6,17.6,17.6,Field of Dreams,100,,,,No,No,1,Yes,Yes,RotoWire projected lineup; MLB probable pitchers,lineup projected / unconfirmed,H:2026/2025 P:2026/2025,,,Direct BvP not yet weighted; 2026/2025 Statcast baseline active,7,9,25,2,Hot streak: 2 HR in last 7 games,"platoon edge; pitcher baseline 8.6% barrel, 17.6 HR allowed",lift-pull EV profile; pitcher fly-ball pressure modest,,
607208,Trea Turner,PHI,MIN,2026-08-13T23:30:00Z,Scheduled,2,Taj Bradley,671737,R,R,6.22,0.1509,88.67,99.3877,0.3869,0.1309,0.3056,71.45,19.0,35.24,25.34,40.56,16.4,8.59,43.75,90.39,0.3854,0.1561,28.77,17.6,17.6,17.6,Field of Dreams,100,,,,No,No,2,Yes,Yes,RotoWire projected lineup; MLB probable pitchers,lineup projected / unconfirmed,H:2026/2025 P:2026/2025,,,Direct BvP not yet weighted; 2026/2025 Statcast baseline active,7,5,30,1,"Last 7 games: 5/30, 1 HR","same-side matchup; pitcher baseline 8.6% barrel, 17.6 HR allowed",neutral batted-ball profile; pitcher fly-ball pressure modest,,
547180,Bryce Harper,PHI,MIN,2026-08-13T23:30:00Z,Scheduled,3,Taj Bradley,671737,R,L,11.67,0.2386,90.53,101.995,0.5018,0.2303,0.3841,74.24,45.85,38.12,27.8,45.82,25.6,8.59,43.75,90.39,0.3854,0.1561,28.77,17.6,17.6,17.6,Field of Dreams,100,,,,No,No,3,Yes,Yes,RotoWire projected lineup; MLB probable pitchers,lineup projected / unconfirmed,H:2026/2025 P:2026/2025,,,Direct BvP not yet weighted; 2026/2025 Statcast baseline active,7,6,21,1,"Last 7 games: 6/21, 1 HR","platoon edge; pitcher baseline 8.6% barrel, 17.6 HR allowed",neutral batted-ball profile; pitcher fly-ball pressure modest,,
650333,Luis Arraez,PHI,MIN,2026-08-13T23:30:00Z,Scheduled,4,Taj Bradley,671737,R,L,0.96,0.114,86.66,94.0044,0.3693,0.0851,0.3023,62.99,0.12,30.45,28.38,19.08,5.9,8.59,43.75,90.39,0.3854,0.1561,28.77,17.6,17.6,17.6,Field of Dreams,100,,,,No,No,4,Yes,Yes,RotoWire projected lineup; MLB probable pitchers,lineup projected / unconfirmed,H:2026/2025 P:2026/2025,,,Direct BvP not yet weighted; 2026/2025 Statcast baseline active,7,5,31,0,"Last 7 games: 5/31, 0 HR","platoon edge; pitcher baseline 8.6% barrel, 17.6 HR allowed",neutral batted-ball profile; pitcher fly-ball pressure modest,,
681082,Bryson Stott,PHI,MIN,2026-08-13T23:30:00Z,Scheduled,5,Taj Bradley,671737,R,L,6.01,0.1466,89.0,98.7263,0.4056,0.1397,0.3284,69.79,6.75,35.01,27.73,37.2,9.5,8.59,43.75,90.39,0.3854,0.1561,28.77,17.6,17.6,17.6,Field of Dreams,100,,,,No,No,5,Yes,Yes,RotoWire projected lineup; MLB probable pitchers,lineup projected / unconfirmed,H:2026/2025 P:2026/2025,,,Direct BvP not yet weighted; 2026/2025 Statcast baseline active,7,10,24,0,Contact streak: 10/24 over last 7 games,"platoon edge; pitcher baseline 8.6% barrel, 17.6 HR allowed",neutral batted-ball profile; pitcher fly-ball pressure modest,,
669016,Brandon Marsh,PHI,MIN,2026-08-13T23:30:00Z,Scheduled,6,Taj Bradley,671737,R,L,8.33,0.1616,90.05,100.3341,0.4222,0.1599,0.3167,71.54,15.86,38.19,26.24,45.7,14.5,8.59,43.75,90.39,0.3854,0.1561,28.77,17.6,17.6,17.6,Field of Dreams,100,,,,No,No,6,Yes,Yes,RotoWire projected lineup; MLB probable pitchers,lineup projected / unconfirmed,H:2026/2025 P:2026/2025,,,Direct BvP not yet weighted; 2026/2025 Statcast baseline active,7,5,26,0,"Last 7 games: 5/26, 0 HR","platoon edge; pitcher baseline 8.6% barrel, 17.6 HR allowed",neutral batted-ball profile; pitcher fly-ball pressure modest,,
592663,J.T. Realmuto,PHI,MIN,2026-08-13T23:30:00Z,Scheduled,7,Taj Bradley,671737,R,R,6.0,0.127,89.86,100.2154,0.3956,0.1398,0.3188,72.91,32.71,41.18,25.52,42.28,9.2,8.59,43.75,90.39,0.3854,0.1561,28.77,17.6,17.6,17.6,Field of Dreams,100,,,,No,No,7,Yes,Yes,RotoWire projected lineup; MLB probable pitchers,lineup projected / unconfirmed,H:2026/2025 P:2026/2025,,,Direct BvP not yet weighted; 2026/2025 Statcast baseline active,7,5,29,0,"Last 7 games: 5/29, 0 HR","same-side matchup; pitcher baseline 8.6% barrel, 17.6 HR allowed",neutral batted-ball profile; pitcher fly-ball pressure modest,,
664761,Alec Bohm,PHI,MIN,2026-08-13T23:30:00Z,Scheduled,8,Taj Bradley,671737,R,R,5.5,0.1276,90.52,100.1087,0.3948,0.1348,0.3149,71.14,13.3,28.7,21.88,43.04,12.4,8.59,43.75,90.39,0.3854,0.1561,28.77,17.6,17.6,17.6,Field of Dreams,100,,,,No,No,8,Yes,Yes,RotoWire projected lineup; MLB probable pitchers,lineup projected / unconfirmed,H:2026/2025 P:2026/2025,,,Direct BvP not yet weighted; 2026/2025 Statcast baseline active,7,6,19,0,"Last 7 games: 6/19, 0 HR","same-side matchup; pitcher baseline 8.6% barrel, 17.6 HR allowed",neutral batted-ball profile; pitcher fly-ball pressure modest,,
702222,Justin Crawford,PHI,MIN,2026-08-13T23:30:00Z,Scheduled,9,Taj Bradley,671737,R,L,1.5,0.089,87.2,98.147,0.322,0.063,0.284,69.0,5.5,27.6,17.2,34.7,2.0,8.59,43.75,90.39,0.3854,0.1561,28.77,17.6,17.6,17.6,Field of Dreams,100,,,,No,No,9,Yes,Yes,RotoWire projected lineup; MLB probable pitchers,lineup projected / unconfirmed,H:2026 P:2026/2025,,,Direct BvP not yet weighted; 2026/2025 Statcast baseline active,7,6,21,0,"Last 7 games: 6/21, 0 HR","platoon edge; pitcher baseline 8.6% barrel, 17.6 HR allowed",neutral batted-ball profile; pitcher fly-ball pressure modest,,
621439,Byron Buxton,MIN,PHI,2026-08-13T23:30:00Z,Scheduled,1,Aaron Nola,605400,R,R,17.63,0.2828,90.96,102.324,0.5112,0.2611,0.3486,74.37,43.88,47.47,34.7,49.25,28.0,9.73,42.04,88.91,0.4233,0.178,27.88,25.7,25.7,25.7,Field of Dreams,100,,,,No,No,1,Yes,Yes,RotoWire projected lineup; MLB probable pitchers,lineup projected / unconfirmed,H:2026/2025 P:2026/2025,,,Direct BvP not yet weighted; 2026/2025 Statcast baseline active,7,4,25,0,"Last 7 games: 4/25, 0 HR","same-side matchup; pitcher baseline 9.7% barrel, 25.7 HR allowed",neutral batted-ball profile; pitcher fly-ball pressure modest,,
680777,Ryan Jeffers,MIN,PHI,2026-08-13T23:30:00Z,Scheduled,2,Aaron Nola,605400,R,R,9.45,0.1877,89.09,100.8221,0.4315,0.1794,0.3495,72.93,35.35,37.04,27.4,40.49,9.7,9.73,42.04,88.91,0.4233,0.178,27.88,25.7,25.7,25.7,Field of Dreams,100,,,,No,No,2,Yes,Yes,RotoWire projected lineup; MLB probable pitchers,lineup projected / unconfirmed,H:2026/2025 P:2026/2025,,,Direct BvP not yet weighted; 2026/2025 Statcast baseline active,7,6,23,0,"Last 7 games: 6/23, 0 HR","same-side matchup; pitcher baseline 9.7% barrel, 25.7 HR allowed",neutral batted-ball profile; pitcher fly-ball pressure modest,,
605137,Josh Bell,MIN,PHI,2026-08-13T23:30:00Z,Scheduled,3,Aaron Nola,605400,R,S,10.77,0.1737,90.12,100.943,0.4542,0.2038,0.3359,72.33,28.43,40.73,26.78,43.64,17.8,9.73,42.04,88.91,0.4233,0.178,27.88,25.7,25.7,25.7,Field of Dreams,100,,,,No,No,3,Yes,Yes,RotoWire projected lineup; MLB probable pitchers,lineup projected / unconfirmed,H:2026/2025 P:2026/2025,,,Direct BvP not yet weighted; 2026/2025 Statcast baseline active,7,11,28,2,Hot streak: 2 HR in last 7 games,"switch hitter; pitcher baseline 9.7% barrel, 25.7 HR allowed",neutral batted-ball profile; pitcher fly-ball pressure modest,,
665019,Kody Clemens,MIN,PHI,2026-08-13T23:30:00Z,Scheduled,4,Aaron Nola,605400,R,L,11.58,0.2266,92.13,101.4639,0.4433,0.1999,0.324,72.06,14.42,45.66,33.25,46.55,19.7,9.73,42.04,88.91,0.4233,0.178,27.88,25.7,25.7,25.7,Field of Dreams,100,,,,No,No,4,Yes,Yes,RotoWire projected lineup; MLB probable pitchers,lineup projected / unconfirmed,H:2026/2025 P:2026/2025,,,Direct BvP not yet weighted; 2026/2025 Statcast baseline active,7,4,27,1,"Last 7 games: 4/27, 1 HR","platoon edge; pitcher baseline 9.7% barrel, 25.7 HR allowed",lift-pull EV profile; pitcher fly-ball pressure modest,,
668904,Royce Lewis,MIN,PHI,2026-08-13T23:30:00Z,Scheduled,5,Aaron Nola,605400,R,R,11.08,0.1769,90.08,101.0553,0.4133,0.1733,0.3131,74.72,50.52,47.0,30.99,42.4,13.0,9.73,42.04,88.91,0.4233,0.178,27.88,25.7,25.7,25.7,Field of Dreams,100,,,,No,No,5,Yes,Yes,RotoWire projected lineup; MLB probable pitchers,lineup projected / unconfirmed,H:2026/2025 P:2026/2025,,,Direct BvP not yet weighted; 2026/2025 Statcast baseline active,7,11,31,1,Contact streak: 11/31 over last 7 games,"same-side matchup; pitcher baseline 9.7% barrel, 25.7 HR allowed",neutral batted-ball profile; pitcher fly-ball pressure modest,,
686797,Brooks Lee,MIN,PHI,2026-08-13T23:30:00Z,Scheduled,6,Aaron Nola,605400,R,S,4.33,0.1641,87.97,97.4119,0.3425,0.1155,0.2771,69.92,8.35,42.34,27.95,33.74,16.7,9.73,42.04,88.91,0.4233,0.178,27.88,25.7,25.7,25.7,Field of Dreams,100,,,,No,No,6,Yes,Yes,RotoWire projected lineup; MLB probable pitchers,lineup projected / unconfirmed,H:2026/2025 P:2026/2025,,,Direct BvP not yet weighted; 2026/2025 Statcast baseline active,7,9,28,1,Contact streak: 9/28 over last 7 games,"switch hitter; pitcher baseline 9.7% barrel, 25.7 HR allowed",neutral batted-ball profile; pitcher fly-ball pressure modest,,
807712,Luke Keaschall,MIN,PHI,2026-08-13T23:30:00Z,Scheduled,7,Aaron Nola,605400,R,R,3.8,0.1094,85.08,96.5828,0.3528,0.1083,0.3128,68.64,7.8,39.03,26.83,29.38,5.4,9.73,42.04,88.91,0.4233,0.178,27.88,25.7,25.7,25.7,Field of Dreams,100,,,,No,No,7,Yes,Yes,RotoWire projected lineup; MLB probable pitchers,lineup projected / unconfirmed,H:2026/2025 P:2026/2025,,,Direct BvP not yet weighted; 2026/2025 Statcast baseline active,7,6,23,0,"Last 7 games: 6/23, 0 HR","same-side matchup; pitcher baseline 9.7% barrel, 25.7 HR allowed",neutral batted-ball profile; pitcher fly-ball pressure modest,,
663616,Trevor Larnach,MIN,PHI,2026-08-13T23:30:00Z,Scheduled,8,Aaron Nola,605400,R,L,7.41,0.1589,88.45,99.636,0.4002,0.146,0.3264,72.1,21.78,42.48,24.19,38.98,12.1,9.73,42.04,88.91,0.4233,0.178,27.88,25.7,25.7,25.7,Field of Dreams,100,,,,No,No,8,Yes,Yes,RotoWire projected lineup; MLB probable pitchers,lineup projected / unconfirmed,H:2026/2025 P:2026/2025,,,Direct BvP not yet weighted; 2026/2025 Statcast baseline active,7,2,24,0,"Last 7 games: 2/24, 0 HR","platoon edge; pitcher baseline 9.7% barrel, 25.7 HR allowed",neutral batted-ball profile; pitcher fly-ball pressure modest,,
701785,Kaelen Culpepper,MIN,PHI,2026-08-13T23:30:00Z,Scheduled,9,Aaron Nola,605400,R,R,12.5,0.231,88.6,97.0255,0.239,0.105,0.257,73.8,32.0,62.5,25.0,37.5,1.0,9.73,42.04,88.91,0.4233,0.178,27.88,25.7,25.7,25.7,Field of Dreams,100,,,,No,No,9,Yes,Yes,RotoWire projected lineup; MLB probable pitchers,lineup projected / unconfirmed,H:2026 P:2026/2025,,,Direct BvP not yet weighted; 2026/2025 Statcast baseline active,4,2,13,1,"Last 4 games: 2/13, 1 HR","same-side matchup; pitcher baseline 9.7% barrel, 25.7 HR allowed",neutral batted-ball profile; pitcher fly-ball pressure modest,,
592626,Joc Pederson,TEX,LAA,2026-08-14T02:07:00Z,Scheduled,1,Walbert Ureña,700712,R,L,10.9,0.2254,91.83,102.0363,0.4441,0.1985,0.3451,72.46,24.5,41.99,29.47,48.72,18.1,4.7,33.3,86.9,0.299,0.097,22.1,6.0,6.0,6.0,Angel Stadium,101,,,,No,No,1,Yes,Yes,RotoWire projected lineup; MLB probable pitchers,lineup projected / unconfirmed,H:2026/2025 P:2026,,,Direct BvP not yet weighted; 2026/2025 Statcast baseline active,7,4,16,2,Hot streak: 2 HR in last 7 games,"platoon edge; pitcher baseline 4.7% barrel, 6.0 HR allowed",neutral batted-ball profile; pitcher fly-ball pressure modest,,
694671,Wyatt Langford,TEX,LAA,2026-08-14T02:07:00Z,Scheduled,2,Walbert Ureña,700712,R,R,9.8,0.2054,89.93,100.7005,0.4088,0.1757,0.3152,72.75,25.75,42.19,29.41,40.98,15.7,4.7,33.3,86.9,0.299,0.097,22.1,6.0,6.0,6.0,Angel Stadium,101,,,,No,No,2,Yes,Yes,RotoWire projected lineup; MLB probable pitchers,lineup projected / unconfirmed,H:2026/2025 P:2026,,,Direct BvP not yet weighted; 2026/2025 Statcast baseline active,7,2,19,0,"Last 7 games: 2/19, 0 HR","same-side matchup; pitcher baseline 4.7% barrel, 6.0 HR allowed",neutral batted-ball profile; pitcher fly-ball pressure modest,,
608369,Corey Seager,TEX,LAA,2026-08-14T02:07:00Z,Scheduled,3,Walbert Ureña,700712,R,L,15.23,0.1999,91.85,102.5498,0.492,0.2434,0.3566,71.94,15.93,42.25,32.18,48.49,14.7,4.7,33.3,86.9,0.299,0.097,22.1,6.0,6.0,6.0,Angel Stadium,101,,,,No,No,3,Yes,Yes,RotoWire projected lineup; MLB probable pitchers,lineup projected / unconfirmed,H:2026/2025 P:2026,,,Direct BvP not yet weighted; 2026/2025 Statcast baseline active,7,8,28,2,Hot streak: 2 HR in last 7 games,"platoon edge; pitcher baseline 4.7% barrel, 6.0 HR allowed",neutral batted-ball profile; pitcher fly-ball pressure modest,,
607043,Brandon Nimmo,TEX,LAA,2026-08-14T02:07:00Z,Scheduled,4,Walbert Ureña,700712,R,L,10.34,0.1698,92.11,102.1801,0.475,0.1957,0.3553,72.2,27.18,32.26,25.84,51.11,16.6,4.7,33.3,86.9,0.299,0.097,22.1,6.0,6.0,6.0,Angel Stadium,101,,,,No,No,4,Yes,Yes,RotoWire projected lineup; MLB probable pitchers,lineup projected / unconfirmed,H:2026/2025 P:2026,,,Direct BvP not yet weighted; 2026/2025 Statcast baseline active,7,9,26,2,Hot streak: 2 HR in last 7 games,"platoon edge; pitcher baseline 4.7% barrel, 6.0 HR allowed",EV profile; pitcher fly-ball pressure modest,,
694497,Evan Carter,TEX,LAA,2026-08-14T02:07:00Z,Scheduled,5,Walbert Ureña,700712,R,L,5.69,0.1345,87.33,98.6944,0.3348,0.1225,0.2947,71.02,17.86,38.98,27.98,35.86,7.1,4.7,33.3,86.9,0.299,0.097,22.1,6.0,6.0,6.0,Angel Stadium,101,,,,No,No,5,Yes,Yes,RotoWire projected lineup; MLB probable pitchers,lineup projected / unconfirmed,H:2026/2025 P:2026,,,Direct BvP not yet weighted; 2026/2025 Statcast baseline active,7,1,17,0,"Last 7 games: 1/17, 0 HR","platoon edge; pitcher baseline 4.7% barrel, 6.0 HR allowed",neutral batted-ball profile; pitcher fly-ball pressure modest,,
669394,Jake Burger,TEX,LAA,2026-08-14T02:07:00Z,Scheduled,6,Walbert Ureña,700712,R,R,11.59,0.1767,89.98,102.6053,0.4157,0.1823,0.3051,75.37,58.14,42.23,27.76,47.1,18.1,4.7,33.3,86.9,0.299,0.097,22.1,6.0,6.0,6.0,Angel Stadium,101,,,,No,No,6,Yes,Yes,RotoWire projected lineup; MLB probable pitchers,lineup projected / unconfirmed,H:2026/2025 P:2026,,,Direct BvP not yet weighted; 2026/2025 Statcast baseline active,7,4,24,0,"Last 7 games: 4/24, 0 HR","same-side matchup; pitcher baseline 4.7% barrel, 6.0 HR allowed",neutral batted-ball profile; pitcher fly-ball pressure modest,,
677649,Ezequiel Duran,TEX,LAA,2026-08-14T02:07:00Z,Scheduled,7,Walbert Ureña,700712,R,R,5.19,0.1418,87.61,98.6961,0.3517,0.1146,0.2855,72.34,24.38,35.24,21.23,34.54,9.1,4.7,33.3,86.9,0.299,0.097,22.1,6.0,6.0,6.0,Angel Stadium,101,,,,No,No,7,Yes,Yes,RotoWire projected lineup; MLB probable pitchers,lineup projected / unconfirmed,H:2026/2025 P:2026,,,Direct BvP not yet weighted; 2026/2025 Statcast baseline active,7,3,24,0,"Last 7 games: 3/24, 0 HR","same-side matchup; pitcher baseline 4.7% barrel, 6.0 HR allowed",neutral batted-ball profile; pitcher fly-ball pressure modest,,
553869,Elias Diaz,TEX,LAA,2026-08-14T02:07:00Z,Scheduled,8,Walbert Ureña,700712,R,R,6.55,0.155,87.28,99.6253,0.348,0.1278,0.2631,74.41,45.33,38.0,28.78,37.37,6.2,4.7,33.3,86.9,0.299,0.097,22.1,6.0,6.0,6.0,Angel Stadium,101,,,,No,No,8,Yes,Yes,RotoWire projected lineup; MLB probable pitchers,lineup projected / unconfirmed,H:2026/2025 P:2026,,,Direct BvP not yet weighted; 2026/2025 Statcast baseline active,7,5,24,0,"Last 7 games: 5/24, 0 HR","same-side matchup; pitcher baseline 4.7% barrel, 6.0 HR allowed",neutral batted-ball profile; pitcher fly-ball pressure modest,,
670032,Nicky Lopez,TEX,LAA,2026-08-14T02:07:00Z,Scheduled,9,Walbert Ureña,700712,R,L,0.0,0.0301,84.52,95.2048,0.2599,0.0398,0.2519,66.65,0.75,33.94,11.09,27.19,0.7,4.7,33.3,86.9,0.299,0.097,22.1,6.0,6.0,6.0,Angel Stadium,101,,,,No,No,9,Yes,Yes,RotoWire projected lineup; MLB probable pitchers,lineup projected / unconfirmed,H:2026/2025 P:2026,,,Direct BvP not yet weighted; 2026/2025 Statcast baseline active,7,3,16,0,"Last 7 games: 3/16, 0 HR","platoon edge; pitcher baseline 4.7% barrel, 6.0 HR allowed",neutral batted-ball profile; pitcher fly-ball pressure modest,,
685133,Wade Meckler,LAA,TEX,2026-08-14T02:07:00Z,Scheduled,1,Jacob deGrom,594798,R,L,3.6,0.105,85.9,96.0427,0.36,0.104,0.307,68.8,2.1,34.5,19.4,29.5,3.0,9.09,44.42,90.52,0.3966,0.1679,29.88,19.7,19.7,19.7,Angel Stadium,101,,,,No,No,1,Yes,Yes,RotoWire projected lineup; MLB probable pitchers,lineup projected / unconfirmed,H:2026 P:2026/2025,,,Direct BvP not yet weighted; 2026/2025 Statcast baseline active,7,8,28,0,"Last 7 games: 8/28, 0 HR","platoon edge; pitcher baseline 9.1% barrel, 19.7 HR allowed",neutral batted-ball profile; pitcher fly-ball pressure modest,,
545361,Mike Trout,LAA,TEX,2026-08-14T02:07:00Z,Scheduled,2,Jacob deGrom,594798,R,R,16.43,0.207,90.55,103.1492,0.4992,0.2495,0.3804,74.7,48.82,37.42,32.68,48.11,21.8,9.09,44.42,90.52,0.3966,0.1679,29.88,19.7,19.7,19.7,Angel Stadium,101,,,,No,No,2,Yes,Yes,RotoWire projected lineup; MLB probable pitchers,lineup projected / unconfirmed,H:2026/2025 P:2026/2025,,,Direct BvP not yet weighted; 2026/2025 Statcast baseline active,7,5,24,2,Hot streak: 2 HR in last 7 games,"same-side matchup; pitcher baseline 9.1% barrel, 19.7 HR allowed",neutral batted-ball profile; pitcher fly-ball pressure modest,,
694384,Nolan Schanuel,LAA,TEX,2026-08-14T02:07:00Z,Scheduled,3,Jacob deGrom,594798,R,L,3.1,0.1173,87.43,97.0663,0.3852,0.1113,0.3298,67.96,5.76,40.87,22.06,31.8,8.5,9.09,44.42,90.52,0.3966,0.1679,29.88,19.7,19.7,19.7,Angel Stadium,101,,,,No,No,3,Yes,Yes,RotoWire projected lineup; MLB probable pitchers,lineup projected / unconfirmed,H:2026/2025 P:2026/2025,,,Direct BvP not yet weighted; 2026/2025 Statcast baseline active,7,4,21,1,"Last 7 games: 4/21, 1 HR","platoon edge; pitcher baseline 9.1% barrel, 19.7 HR allowed",neutral batted-ball profile; pitcher fly-ball pressure modest,,
687263,Zach Neto,LAA,TEX,2026-08-14T02:07:00Z,Scheduled,4,Jacob deGrom,594798,R,R,12.39,0.1981,89.81,100.1558,0.4194,0.2048,0.3111,71.26,13.48,46.99,35.31,41.98,21.8,9.09,44.42,90.52,0.3966,0.1679,29.88,19.7,19.7,19.7,Angel Stadium,101,,,,No,No,4,Yes,Yes,RotoWire projected lineup; MLB probable pitchers,lineup projected / unconfirmed,H:2026/2025 P:2026/2025,,,Direct BvP not yet weighted; 2026/2025 Statcast baseline active,7,5,30,1,"Last 7 games: 5/30, 1 HR","same-side matchup; pitcher baseline 9.1% barrel, 19.7 HR allowed",fly-ball profile; pitcher fly-ball pressure modest,,
687093,Vaughn Grissom,LAA,TEX,2026-08-14T02:07:00Z,Scheduled,5,Jacob deGrom,594798,R,R,6.7,0.136,88.2,99.3512,0.394,0.139,0.318,71.6,19.6,40.9,25.8,38.7,7.0,9.09,44.42,90.52,0.3966,0.1679,29.88,19.7,19.7,19.7,Angel Stadium,101,,,,No,No,5,Yes,Yes,RotoWire projected lineup; MLB probable pitchers,lineup projected / unconfirmed,H:2026 P:2026/2025,,,Direct BvP not yet weighted; 2026/2025 Statcast baseline active,7,5,27,0,"Last 7 games: 5/27, 0 HR","same-side matchup; pitcher baseline 9.1% barrel, 19.7 HR allowed",neutral batted-ball profile; pitcher fly-ball pressure modest,,
694208,Moises Ballesteros,LAA,TEX,2026-08-14T02:07:00Z,Scheduled,6,Jacob deGrom,594798,R,L,8.31,0.1431,90.08,101.0984,0.3979,0.1478,0.3207,72.92,36.02,34.29,19.46,43.31,4.8,9.09,44.42,90.52,0.3966,0.1679,29.88,19.7,19.7,19.7,Angel Stadium,101,,,,No,No,6,Yes,Yes,RotoWire projected lineup; MLB probable pitchers,lineup projected / unconfirmed,H:2026/2025 P:2026/2025,,,Direct BvP not yet weighted; 2026/2025 Statcast baseline active,7,4,24,0,"Last 7 games: 4/24, 0 HR","platoon edge; pitcher baseline 9.1% barrel, 19.7 HR allowed",neutral batted-ball profile; pitcher fly-ball pressure modest,,
694203,Denzer Guzman,LAA,TEX,2026-08-14T02:07:00Z,Scheduled,7,Jacob deGrom,594798,R,R,8.07,0.1341,87.2,98.3737,0.3321,0.1183,0.2574,73.36,33.31,42.21,26.36,36.81,4.1,9.09,44.42,90.52,0.3966,0.1679,29.88,19.7,19.7,19.7,Angel Stadium,101,,,,No,No,7,Yes,Yes,RotoWire projected lineup; MLB probable pitchers,lineup projected / unconfirmed,H:2026/2025 P:2026/2025,,,Direct BvP not yet weighted; 2026/2025 Statcast baseline active,7,2,11,0,"Last 7 games: 2/11, 0 HR","same-side matchup; pitcher baseline 9.1% barrel, 19.7 HR allowed",neutral batted-ball profile; pitcher fly-ball pressure modest,,
666139,Josh Lowe,LAA,TEX,2026-08-14T02:07:00Z,Scheduled,8,Jacob deGrom,594798,R,L,7.93,0.1404,89.02,99.4278,0.3868,0.1618,0.2945,73.66,36.78,36.76,31.15,38.83,8.9,9.09,44.42,90.52,0.3966,0.1679,29.88,19.7,19.7,19.7,Angel Stadium,101,,,,No,No,8,Yes,Yes,RotoWire projected lineup; MLB probable pitchers,lineup projected / unconfirmed,H:2026/2025 P:2026/2025,,,Direct BvP not yet weighted; 2026/2025 Statcast baseline active,7,2,16,0,"Last 7 games: 2/16, 0 HR","platoon edge; pitcher baseline 9.1% barrel, 19.7 HR allowed",neutral batted-ball profile; pitcher fly-ball pressure modest,,
623168,Tyler Heineman,LAA,TEX,2026-08-14T02:07:00Z,Scheduled,9,Jacob deGrom,594798,R,S,1.59,0.0773,82.09,92.4554,0.2776,0.0559,0.2541,65.68,0.21,44.69,21.68,14.98,1.6,9.09,44.42,90.52,0.3966,0.1679,29.88,19.7,19.7,19.7,Angel Stadium,101,,,,No,No,9,Yes,Yes,RotoWire projected lineup; MLB probable pitchers,lineup projected / unconfirmed,H:2026/2025 P:2026/2025,,,Direct BvP not yet weighted; 2026/2025 Statcast baseline active,7,2,13,0,"Last 7 games: 2/13, 0 HR","switch hitter; pitcher baseline 9.1% barrel, 19.7 HR allowed",neutral batted-ball profile; pitcher fly-ball pressure modest,,
668930,Brice Turang,MIL,LAD,2026-08-14T02:10:00Z,Scheduled,1,Roki Sasaki,808963,R,L,8.0,0.1715,90.68,100.5247,0.4332,0.1754,0.3413,70.18,13.06,26.95,24.06,44.18,16.6,10.68,43.51,90.04,0.4223,0.1845,28.42,16.5,16.5,16.5,UNIQLO Field at Dodger Stadium,100,,,,No,No,1,Yes,Yes,RotoWire projected lineup; MLB probable pitchers,lineup projected / unconfirmed,H:2026/2025 P:2026/2025,,,Direct BvP not yet weighted; 2026/2025 Statcast baseline active,7,9,30,0,"Last 7 games: 9/30, 0 HR","platoon edge; pitcher baseline 10.7% barrel, 16.5 HR allowed",neutral batted-ball profile; pitcher fly-ball pressure modest,,
694192,Jackson Chourio,MIL,LAD,2026-08-14T02:10:00Z,Scheduled,2,Roki Sasaki,808963,R,R,12.5,0.1965,91.26,102.0873,0.4624,0.2091,0.3301,74.25,44.38,31.57,27.38,46.08,18.2,10.68,43.51,90.04,0.4223,0.1845,28.42,16.5,16.5,16.5,UNIQLO Field at Dodger Stadium,100,,,,No,No,2,Yes,Yes,RotoWire projected lineup; MLB probable pitchers,lineup projected / unconfirmed,H:2026/2025 P:2026/2025,,,Direct BvP not yet weighted; 2026/2025 Statcast baseline active,7,6,24,3,Hot streak: 3 HR in last 7 games,"same-side matchup; pitcher baseline 10.7% barrel, 16.5 HR allowed",neutral batted-ball profile; pitcher fly-ball pressure modest,,
641343,Jake Bauers,MIL,LAD,2026-08-14T02:10:00Z,Scheduled,3,Roki Sasaki,808963,R,L,13.98,0.2109,92.47,103.1227,0.4717,0.2223,0.3631,76.64,71.33,40.34,31.1,50.85,16.8,10.68,43.51,90.04,0.4223,0.1845,28.42,16.5,16.5,16.5,UNIQLO Field at Dodger Stadium,100,,,,No,No,3,Yes,Yes,RotoWire projected lineup; MLB probable pitchers,lineup projected / unconfirmed,H:2026/2025 P:2026/2025,,,Direct BvP not yet weighted; 2026/2025 Statcast baseline active,7,6,24,1,"Last 7 games: 6/24, 1 HR","platoon edge; pitcher baseline 10.7% barrel, 16.5 HR allowed",lift-pull EV profile; pitcher fly-ball pressure modest,,
661388,William Contreras,MIL,LAD,2026-08-14T02:10:00Z,Scheduled,4,Roki Sasaki,808963,R,R,7.1,0.1271,90.26,101.4213,0.4196,0.1639,0.3294,73.27,35.11,35.97,24.29,44.16,12.8,10.68,43.51,90.04,0.4223,0.1845,28.42,16.5,16.5,16.5,UNIQLO Field at Dodger Stadium,100,,,,No,No,4,Yes,Yes,RotoWire projected lineup; MLB probable pitchers,lineup projected / unconfirmed,H:2026/2025 P:2026/2025,,,Direct BvP not yet weighted; 2026/2025 Statcast baseline active,7,2,24,1,"Last 7 games: 2/24, 1 HR","same-side matchup; pitcher baseline 10.7% barrel, 16.5 HR allowed",neutral batted-ball profile; pitcher fly-ball pressure modest,,
669003,Garrett Mitchell,MIL,LAD,2026-08-14T02:10:00Z,Scheduled,5,Roki Sasaki,808963,R,L,11.18,0.1349,92.08,103.5432,0.4089,0.1617,0.3307,77.08,76.81,33.65,17.69,48.29,5.6,10.68,43.51,90.04,0.4223,0.1845,28.42,16.5,16.5,16.5,UNIQLO Field at Dodger Stadium,100,,,,No,No,5,Yes,Yes,RotoWire projected lineup; MLB probable pitchers,lineup projected / unconfirmed,H:2026/2025 P:2026/2025,,,Direct BvP not yet weighted; 2026/2025 Statcast baseline active,7,4,22,0,"Last 7 games: 4/22, 0 HR","platoon edge; pitcher baseline 10.7% barrel, 16.5 HR allowed",EV profile; pitcher fly-ball pressure modest,,
683734,Andrew Vaughn,MIL,LAD,2026-08-14T02:10:00Z,Scheduled,6,Roki Sasaki,808963,R,R,7.59,0.164,90.06,99.9919,0.4181,0.15,0.3406,70.39,12.73,35.82,24.2,43.29,7.7,10.68,43.51,90.04,0.4223,0.1845,28.42,16.5,16.5,16.5,UNIQLO Field at Dodger Stadium,100,,,,No,No,6,Yes,Yes,RotoWire projected lineup; MLB probable pitchers,lineup projected / unconfirmed,H:2026/2025 P:2026/2025,,,Direct BvP not yet weighted; 2026/2025 Statcast baseline active,7,6,23,0,"Last 7 games: 6/23, 0 HR","same-side matchup; pitcher baseline 10.7% barrel, 16.5 HR allowed",neutral batted-ball profile; pitcher fly-ball pressure modest,,
592885,Christian Yelich,MIL,LAD,2026-08-14T02:10:00Z,Scheduled,7,Roki Sasaki,808963,R,L,9.67,0.1572,89.01,100.8281,0.3928,0.1639,0.309,73.09,31.55,33.75,19.23,42.97,14.3,10.68,43.51,90.04,0.4223,0.1845,28.42,16.5,16.5,16.5,UNIQLO Field at Dodger Stadium,100,,,,No,No,7,Yes,Yes,RotoWire projected lineup; MLB probable pitchers,lineup projected / unconfirmed,H:2026/2025 P:2026/2025,,,Direct BvP not yet weighted; 2026/2025 Statcast baseline active,7,5,21,1,"Last 7 games: 5/21, 1 HR","platoon edge; pitcher baseline 10.7% barrel, 16.5 HR allowed",neutral batted-ball profile; pitcher fly-ball pressure modest,,
666152,David Hamilton,MIL,LAD,2026-08-14T02:10:00Z,Scheduled,8,Roki Sasaki,808963,R,L,4.32,0.1021,86.53,96.6525,0.2994,0.0939,0.2628,69.73,7.15,34.69,26.02,26.89,3.9,10.68,43.51,90.04,0.4223,0.1845,28.42,16.5,16.5,16.5,UNIQLO Field at Dodger Stadium,100,,,,No,No,8,Yes,Yes,RotoWire projected lineup; MLB probable pitchers,lineup projected / unconfirmed,H:2026/2025 P:2026/2025,,,Direct BvP not yet weighted; 2026/2025 Statcast baseline active,7,4,21,0,"Last 7 games: 4/21, 0 HR","platoon edge; pitcher baseline 10.7% barrel, 16.5 HR allowed",neutral batted-ball profile; pitcher fly-ball pressure modest,,
687401,Joey Ortiz,MIL,LAD,2026-08-14T02:10:00Z,Scheduled,9,Roki Sasaki,808963,R,R,3.91,0.1066,87.07,98.5898,0.3375,0.0953,0.2918,72.72,28.33,31.77,21.08,34.06,5.6,10.68,43.51,90.04,0.4223,0.1845,28.42,16.5,16.5,16.5,UNIQLO Field at Dodger Stadium,100,,,,No,No,9,Yes,Yes,RotoWire projected lineup; MLB probable pitchers,lineup projected / unconfirmed,H:2026/2025 P:2026/2025,,,Direct BvP not yet weighted; 2026/2025 Statcast baseline active,7,4,15,0,"Last 7 games: 4/15, 0 HR","same-side matchup; pitcher baseline 10.7% barrel, 16.5 HR allowed",neutral batted-ball profile; pitcher fly-ball pressure modest,,
660271,Shohei Ohtani,LAD,MIL,2026-08-14T02:10:00Z,Scheduled,1,Shane Drohan,675660,L,L,18.67,0.2784,93.85,104.4046,0.5958,0.3064,0.4131,74.96,52.66,47.05,32.41,54.15,35.4,8.7,37.2,88.0,0.362,0.132,29.3,9.0,9.0,9.0,UNIQLO Field at Dodger Stadium,100,,,,No,No,1,Yes,Yes,RotoWire projected lineup; MLB probable pitchers,lineup projected / unconfirmed,H:2026/2025 P:2026,,,Direct BvP not yet weighted; 2026/2025 Statcast baseline active,7,8,29,3,Hot streak: 3 HR in last 7 games,"same-side matchup; pitcher baseline 8.7% barrel, 9.0 HR allowed",lift-pull EV profile; pitcher fly-ball pressure modest,,
681624,Andy Pages,LAD,MIL,2026-08-14T02:10:00Z,Scheduled,2,Shane Drohan,675660,L,R,7.91,0.1855,88.88,99.849,0.4336,0.1686,0.3307,72.78,26.4,37.76,28.79,40.98,21.4,8.7,37.2,88.0,0.362,0.132,29.3,9.0,9.0,9.0,UNIQLO Field at Dodger Stadium,100,,,,No,No,2,Yes,Yes,RotoWire projected lineup; MLB probable pitchers,lineup projected / unconfirmed,H:2026/2025 P:2026,,,Direct BvP not yet weighted; 2026/2025 Statcast baseline active,7,8,26,1,"Last 7 games: 8/26, 1 HR","platoon edge; pitcher baseline 8.7% barrel, 9.0 HR allowed",neutral batted-ball profile; pitcher fly-ball pressure modest,,
518692,Freddie Freeman,LAD,MIL,2026-08-14T02:10:00Z,Scheduled,3,Shane Drohan,675660,L,L,9.42,0.1783,90.13,100.4673,0.4824,0.1923,0.3689,70.15,8.26,36.47,27.07,43.67,17.7,8.7,37.2,88.0,0.362,0.132,29.3,9.0,9.0,9.0,UNIQLO Field at Dodger Stadium,100,,,,No,No,3,Yes,Yes,RotoWire projected lineup; MLB probable pitchers,lineup projected / unconfirmed,H:2026/2025 P:2026,,,Direct BvP not yet weighted; 2026/2025 Statcast baseline active,7,6,25,0,"Last 7 games: 6/25, 0 HR","same-side matchup; pitcher baseline 8.7% barrel, 9.0 HR allowed",neutral batted-ball profile; pitcher fly-ball pressure modest,,
669242,Tommy Edman,LAD,MIL,2026-08-14T02:10:00Z,Scheduled,4,Shane Drohan,675660,L,S,5.48,0.1367,88.58,99.655,0.3886,0.1174,0.3196,70.52,11.83,43.02,25.73,37.45,6.0,8.7,37.2,88.0,0.362,0.132,29.3,9.0,9.0,9.0,UNIQLO Field at Dodger Stadium,100,,,,No,No,4,Yes,Yes,RotoWire projected lineup; MLB probable pitchers,lineup projected / unconfirmed,H:2026/2025 P:2026,,,Direct BvP not yet weighted; 2026/2025 Statcast baseline active,7,5,26,0,"Last 7 games: 5/26, 0 HR","switch hitter; pitcher baseline 8.7% barrel, 9.0 HR allowed",neutral batted-ball profile; pitcher fly-ball pressure modest,,
605141,Mookie Betts,LAD,MIL,2026-08-14T02:10:00Z,Scheduled,5,Shane Drohan,675660,L,R,7.04,0.169,90.08,98.539,0.4339,0.1588,0.3328,69.53,8.6,39.82,34.85,37.9,16.5,8.7,37.2,88.0,0.362,0.132,29.3,9.0,9.0,9.0,UNIQLO Field at Dodger Stadium,100,,,,No,No,5,Yes,Yes,RotoWire projected lineup; MLB probable pitchers,lineup projected / unconfirmed,H:2026/2025 P:2026,,,Direct BvP not yet weighted; 2026/2025 Statcast baseline active,7,11,26,2,Hot streak: 2 HR in last 7 games,"platoon edge; pitcher baseline 8.7% barrel, 9.0 HR allowed",neutral batted-ball profile; pitcher fly-ball pressure modest,,
663656,Kyle Tucker,LAD,MIL,2026-08-14T02:10:00Z,Scheduled,6,Shane Drohan,675660,L,L,7.65,0.1588,89.19,98.8348,0.42,0.1563,0.3461,71.58,21.22,43.1,32.98,38.58,14.3,8.7,37.2,88.0,0.362,0.132,29.3,9.0,9.0,9.0,UNIQLO Field at Dodger Stadium,100,,,,No,No,6,Yes,Yes,RotoWire projected lineup; MLB probable pitchers,lineup projected / unconfirmed,H:2026/2025 P:2026,,,Direct BvP not yet weighted; 2026/2025 Statcast baseline active,7,4,24,1,"Last 7 games: 4/24, 1 HR","same-side matchup; pitcher baseline 8.7% barrel, 9.0 HR allowed",neutral batted-ball profile; pitcher fly-ball pressure modest,,
606192,Teoscar Hernandez,LAD,MIL,2026-08-14T02:10:00Z,Scheduled,7,Shane Drohan,675660,L,R,9.75,0.1699,89.71,100.8738,0.4221,0.178,0.3167,72.41,24.57,34.08,30.01,43.44,15.2,8.7,37.2,88.0,0.362,0.132,29.3,9.0,9.0,9.0,UNIQLO Field at Dodger Stadium,100,,,,No,No,7,Yes,Yes,RotoWire projected lineup; MLB probable pitchers,lineup projected / unconfirmed,H:2026/2025 P:2026,,,Direct BvP not yet weighted; 2026/2025 Statcast baseline active,7,2,18,0,"Last 7 games: 2/18, 0 HR","platoon edge; pitcher baseline 8.7% barrel, 9.0 HR allowed",neutral batted-ball profile; pitcher fly-ball pressure modest,,
571771,Enrique Hernandez,LAD,MIL,2026-08-14T02:10:00Z,Scheduled,8,Shane Drohan,675660,L,R,11.11,0.2155,89.74,99.5161,0.4164,0.1744,0.3024,70.47,12.0,20.98,26.17,40.12,3.7,8.7,37.2,88.0,0.362,0.132,29.3,9.0,9.0,9.0,UNIQLO Field at Dodger Stadium,100,,,,No,No,8,Yes,Yes,RotoWire projected lineup; MLB probable pitchers,lineup projected / unconfirmed,H:2026/2025 P:2026,,,Direct BvP not yet weighted; 2026/2025 Statcast baseline active,7,1,12,0,"Last 7 games: 1/12, 0 HR","platoon edge; pitcher baseline 8.7% barrel, 9.0 HR allowed",neutral batted-ball profile; pitcher fly-ball pressure modest,,
666163,Ben Rortvedt,LAD,MIL,2026-08-14T02:10:00Z,Scheduled,9,Shane Drohan,675660,L,L,0.99,0.0159,85.33,92.5102,0.2782,0.0389,0.2428,68.07,1.47,47.39,6.21,5.88,0.3,8.7,37.2,88.0,0.362,0.132,29.3,9.0,9.0,9.0,UNIQLO Field at Dodger Stadium,100,,,,No,No,9,Yes,Yes,RotoWire projected lineup; MLB probable pitchers,lineup projected / unconfirmed,H:2026/2025 P:2026,,,Direct BvP not yet weighted; 2026/2025 Statcast baseline active,5,1,6,0,"Last 5 games: 1/6, 0 HR","same-side matchup; pitcher baseline 8.7% barrel, 9.0 HR allowed",neutral batted-ball profile; pitcher fly-ball pressure modest,,
